,Unnamed: 0,player_name,team_abbreviation,age,player_height,player_weight,college,country,draft_year,draft_round,draft_number,gp,pts,reb,ast,net_rating,oreb_pct,dreb_pct,usg_pct,ts_pct,ast_pct,season
5149,12305,Quentin Grimes,NYK,23,195.58,95.25432,Houston,USA,2021,1,25,71,11.3,3.2,2.1,4.4,0.022,0.085,0.142,0.619,0.096,2022-23
5150,12306,Quenton Jackson,WAS,24,195.58,78.471416,Texas A&M,USA,Undrafted,Undrafted,Undrafted,9,6.2,0.9,1.7,-6.7,0.0139999999999999,0.044,0.1639999999999999,0.542,0.155,2022-23
5151,12307,Pat Connaughton,MIL,30,195.58,94.800728,Notre Dame,USA,2015,2,41,61,7.6,4.6,1.3,3.4,0.033,0.144,0.133,0.531,0.069,2022-23
5152,12308,RJ Barrett,NYK,23,198.12,97.068688,Duke,Canada,2019,1,3,73,19.6,5.0,2.8,-1.2,0.023,0.121,0.256,0.531,0.124,2022-23
5153,12309,Precious Achiuwa,TOR,23,203.2,102.0582,Memphis,Nigeria,2020,1,20,55,9.2,6.0,0.9,-1.6,0.083,0.213,0.19,0.5539999999999999,0.063,2022-23
5154,12310,RaiQuan Gray,BKN,23,200.66,122.016248,Florida State,USA,2021,2,59,1,16.0,9.0,7.0,-17.5,0.075,0.176,0.205,0.621,0.35,2022-23
5155,12311,R.J. Hampton,DET,22,193.04,79.3786,,USA,2020,1,24,47,6.4,1.9,1.1,-8.7,0.024,0.093,0.175,0.5579999999999999,0.11,2022-23
5156,12312,Peyton Watson,DEN,20,200.66,90.7184,UCLA,USA,2022,1,30,23,3.3,1.6,0.5,-12.0,0.043,0.139,0.174,0.5529999999999999,0.087,2022-23
5157,12313,Patrick Beverley,CHI,34,187.96,81.64656,Arkansas,USA,2009,2,42,67,6.2,3.7,2.9,-1.5,0.025,0.111,0.107,0.534,0.1369999999999999,2022-23
5158,12314,Paul Reed,PHI,24,205.74,95.25432,DePaul,USA,2020,2,58,69,4.2,3.8,0.4,-0.4,0.147,0.207,0.152,0.62,0.051,2022-23
5159,12315,Paul George,LAC,33,203.2,99.79024,Fresno State,USA,2010,1,10,56,23.8,6.1,5.1,4.0,0.025,0.153,0.294,0.588,0.237,2022-23
5160,12316,Patty Mills,BKN,34,182.88,81.64656,St. Mary's,Australia,2009,2,55,40,6.2,1.1,1.4,-5.8,0.0139999999999999,0.062,0.182,0.5539999999999999,0.136,2022-23
5161,12317,Pascal Siakam,TOR,29,203.2,104.32616,New Mexico State,Cameroon,2016,1,27,71,24.2,7.8,5.8,2.4,0.047,0.177,0.27,0.565,0.244,2022-23
5162,12318,Patrick Williams,CHI,21,200.66,97.52228,Florida State,USA,2020,1,4,82,10.2,4.0,1.2,-2.4,0.036,0.107,0.156,0.5760000000000001,0.059,2022-23
5163,12319,Patrick Baldwin,GSW,20,205.74,99.79024,Wisconsin-Milwaukee,USA,2022,1,28,31,3.9,1.3,0.4,-12.3,0.004,0.188,0.2269999999999999,0.546,0.083,2022-23
5164,12320,Raul Neto,CLE,31,187.96,81.64656,,Brazil,2013,2,47,48,3.3,1.0,1.6,1.4,0.022,0.071,0.133,0.628,0.226,2022-23
5165,12321,Payton Pritchard,BOS,25,185.42,88.45044,Oregon,USA,2020,1,26,48,5.6,1.8,1.3,1.4,0.038,0.094,0.193,0.536,0.153,2022-23
5166,12322,Reggie Bullock,DAL,32,198.12,92.98636,North Carolina,USA,2013,1,25,78,7.2,3.6,1.4,-1.8,0.0139999999999999,0.1119999999999999,0.098,0.5770000000000001,0.063,2022-23
5167,12323,Russell Westbrook,LAC,34,190.5,90.7184,UCLA,USA,2008,1,4,73,15.9,5.8,7.5,-0.2,0.042,0.147,0.266,0.513,0.364,2022-23
5168,12324,Richaun Holmes,SAC,29,203.2,106.59412,Bowling Green,USA,2015,2,37,42,3.1,1.9,0.2,-9.3,0.082,0.149,0.132,0.6679999999999999,0.04,2022-23
5169,12325,Saddiq Bey,ATL,24,200.66,97.52228,Villanova,USA,2020,1,19,77,13.8,4.7,1.5,-3.1,0.044,0.127,0.1939999999999999,0.564,0.08,2022-23
5170,12326,Paolo Banchero,ORL,20,208.28,113.398,Duke,USA,2022,1,1,72,20.0,6.9,3.7,-4.2,0.035,0.174,0.272,0.529,0.171,2022-23
5171,12327,Sam Hauser,BOS,25,200.66,98.429464,Virginia,USA,Undrafted,Undrafted,Undrafted,80,6.4,2.6,0.9,7.7,0.027,0.121,0.141,0.634,0.076,2022-23
5172,12328,Saben Lee,PHX,24,187.96,83.007336,Vanderbilt,USA,2020,2,38,25,6.0,1.8,2.7,-4.4,0.03,0.082,0.184,0.517,0.278,2022-23
5173,12329,Ryan Rollins,GSW,20,190.5,81.64656,Toledo,USA,2022,2,44,12,1.9,1.0,0.5,-38.1,0.043,0.153,0.26,0.508,0.214,2022-23
5174,12330,Ryan Arcidiacono,POR,29,190.5,88.45044,Villanova,USA,Undrafted,Undrafted,Undrafted,20,1.3,0.8,1.2,-12.8,0.0,0.09,0.106,0.351,0.195,2022-23
5175,12331,Rui Hachimura,LAL,25,203.2,104.32616,Gonzaga,Japan,2019,1,9,63,11.2,4.5,0.9,-1.2,0.036,0.141,0.1939999999999999,0.556,0.06,2022-23
5176,12332,Rudy Gobert,MIN,31,215.9,117.026736,,France,2013,1,27,70,13.4,11.6,1.2,0.4,0.111,0.26,0.161,0.675,0.0579999999999999,2022-23
5177,12333,Rudy Gay,UTA,36,203.2,113.398,Connecticut,USA,2006,1,8,56,5.2,2.9,1.0,2.9,0.038,0.148,0.174,0.473,0.095,2022-23
5178,12334,Royce O'Neale,BKN,30,198.12,102.511792,Baylor,USA,Undrafted,Undrafted,Undrafted,76,8.8,5.1,3.7,2.1,0.025,0.129,0.136,0.5379999999999999,0.155,2022-23
5179,12335,Ron Harper Jr.,TOR,23,195.58,111.13004,Rutgers,USA,Undrafted,Undrafted,Undrafted,9,2.2,0.8,0.4,21.8,0.054,0.093,0.136,0.608,0.108,2022-23
5180,12336,Romeo Langford,SAS,23,195.58,97.975872,Indiana,USA,2019,1,14,43,6.9,2.7,1.2,-8.5,0.06,0.067,0.148,0.524,0.08,2022-23
5181,12337,Rodney McGruder,DET,31,193.04,92.98636,Kansas State,USA,Undrafted,Undrafted,Undrafted,32,5.7,2.3,0.9,-3.5,0.035,0.109,0.135,0.5660000000000001,0.071,2022-23
5182,12338,Robin Lopez,CLE,35,213.36,127.459352,Stanford,USA,2008,1,15,37,3.0,1.4,0.5,-8.7,0.075,0.097,0.156,0.675,0.105,2022-23
5183,12339,Robert Williams III,BOS,25,205.74,107.501304,Texas A&M,USA,2018,1,27,35,8.0,8.3,1.4,11.4,0.124,0.209,0.113,0.742,0.086,2022-23
5184,12340,Robert Covington,LAC,32,200.66,94.800728,Tennessee State,USA,Undrafted,Undrafted,Undrafted,48,6.0,3.5,1.2,-1.0,0.038,0.1639999999999999,0.149,0.584,0.105,2022-23
5185,12341,Ricky Rubio,CLE,32,187.96,86.18248,,Spain,2009,1,5,33,5.2,2.1,3.5,3.0,0.015,0.1119999999999999,0.172,0.442,0.295,2022-23
5186,12342,Reggie Jackson,DEN,33,187.96,94.347136,Boston College,USA,2011,1,24,68,10.2,2.1,3.4,-2.2,0.015,0.071,0.205,0.514,0.211,2022-23
5187,12343,PJ Dozier,SAC,26,198.12,92.98636,South Carolina,USA,Undrafted,Undrafted,Undrafted,16,1.4,0.9,0.6,-12.9,0.012,0.171,0.203,0.3329999999999999,0.196,2022-23
5188,12344,Montrezl Harrell,PHI,29,200.66,108.86208,Louisville,USA,2015,2,32,57,5.6,2.8,0.6,2.2,0.1,0.133,0.178,0.631,0.073,2022-23
5189,12345,P.J. Tucker,PHI,38,195.58,111.13004,Texas,USA,2006,2,35,75,3.5,3.9,0.8,4.0,0.055,0.108,0.066,0.5660000000000001,0.04,2022-23
5190,12346,Naz Reid,MIN,23,205.74,119.748288,Louisiana State,USA,Undrafted,Undrafted,Undrafted,68,11.5,4.9,1.1,-4.2,0.0579999999999999,0.205,0.242,0.617,0.098,2022-23
5191,12347,Nathan Knight,MIN,25,203.2,114.758776,William & Mary,USA,Undrafted,Undrafted,Undrafted,38,3.7,1.5,0.3,-2.3,0.072,0.118,0.177,0.655,0.065,2022-23
5192,12348,Nassir Little,POR,23,195.58,99.79024,North Carolina,USA,2019,1,25,54,6.6,2.6,0.9,-8.8,0.0279999999999999,0.122,0.158,0.555,0.075,2022-23
5193,12349,Naji Marshall,NOP,25,200.66,99.79024,Xavier,USA,Undrafted,Undrafted,Undrafted,77,9.1,3.6,2.5,-0.1,0.027,0.132,0.172,0.539,0.147,2022-23
5194,12350,Myles Turner,IND,27,210.82,113.398,Texas,USA,2015,1,11,62,18.0,7.5,1.4,-1.2,0.049,0.205,0.225,0.6509999999999999,0.074,2022-23
5195,12351,Moussa Diabate,LAC,21,208.28,95.25432,Michigan,France,2022,2,43,22,2.7,2.3,0.2,-3.2,0.1369999999999999,0.106,0.125,0.546,0.0289999999999999,2022-23
5196,12352,Moses Moody,GSW,21,195.58,95.707912,Arkansas,USA,2021,1,14,63,4.8,1.7,0.8,-0.6,0.034,0.091,0.141,0.603,0.085,2022-23
5197,12353,Moses Brown,BKN,23,218.44,111.13004,UCLA,USA,Undrafted,Undrafted,Undrafted,36,4.3,3.9,0.1,3.5,0.165,0.262,0.188,0.607,0.021,2022-23
5198,12354,Moritz Wagner,ORL,26,210.82,111.13004,Michigan,Germany,2018,1,25,57,10.5,4.5,1.5,-1.1,0.06,0.172,0.201,0.63,0.115,2022-23
5199,12355,Monte Morris,WAS,28,187.96,83.007336,Iowa State,USA,2017,2,51,62,10.3,3.4,5.3,0.1,0.016,0.106,0.155,0.579,0.249,2022-23
5200,12356,Mo Bamba,LAL,25,213.36,104.779752,Texas,USA,2018,1,6,49,6.6,4.6,0.9,1.5,0.076,0.198,0.166,0.602,0.086,2022-23
5201,12357,Mitchell Robinson,NYK,25,213.36,108.86208,Western Kentucky,USA,2018,2,36,59,7.4,9.4,0.9,7.3,0.1639999999999999,0.178,0.1009999999999999,0.652,0.044,2022-23
5202,12358,Miles McBride,NYK,22,187.96,88.45044,West Virginia,USA,2021,2,36,64,3.5,0.8,1.1,3.6,0.016,0.047,0.141,0.475,0.13,2022-23
5203,12359,Mike Muscala,BOS,31,210.82,108.86208,Bucknell,USA,2013,2,44,63,6.1,3.2,0.8,8.8,0.038,0.161,0.146,0.608,0.069,2022-23
5204,12360,Mike Conley,MIN,35,185.42,79.3786,Ohio State,USA,2007,1,4,67,11.9,2.7,6.7,1.3,0.016,0.075,0.161,0.583,0.295,2022-23
5205,12361,Sam Merrill,CLE,27,193.04,92.98636,Utah State,USA,2020,2,60,5,5.0,1.8,1.0,-3.3,0.0,0.1669999999999999,0.177,0.546,0.143,2022-23
5206,12362,Mikal Bridges,BKN,26,198.12,94.800728,Villanova,USA,2018,1,10,83,20.1,4.4,3.3,0.8,0.026,0.094,0.223,0.5870000000000001,0.141,2022-23
5207,12363,Neemias Queta,SAC,23,213.36,112.490816,Utah State,Portugal,2021,2,39,5,2.4,2.2,0.2,-43.5,0.135,0.214,0.141,0.607,0.067,2022-23
5208,12364,P.J. Washington,CHA,24,200.66,104.32616,Kentucky,USA,2019,1,12,73,15.7,4.9,2.4,-7.2,0.0279999999999999,0.118,0.2,0.542,0.107,2022-23
5209,12365,Nerlens Noel,BKN,29,208.28,99.79024,Kentucky,USA,2013,1,6,17,2.1,2.7,0.6,-16.8,0.047,0.1889999999999999,0.113,0.424,0.074,2022-23
5210,12366,Nick Richards,CHA,25,213.36,111.13004,Kentucky,Jamaica,2020,2,42,65,8.2,6.4,0.6,-4.5,0.113,0.21,0.151,0.6759999999999999,0.046,2022-23
5211,12367,Ousmane Dieng,OKC,20,205.74,83.91452,,France,2022,1,11,39,4.9,2.7,1.2,2.9,0.03,0.141,0.154,0.505,0.108,2022-23
5212,12368,Otto Porter Jr.,TOR,30,203.2,89.811216,Georgetown,USA,2013,1,3,8,5.5,2.4,1.0,-5.0,0.038,0.096,0.104,0.6559999999999999,0.078,2022-23
5213,12369,Oshae Brissett,IND,25,200.66,95.25432,Syracuse,Canada,Undrafted,Undrafted,Undrafted,65,6.1,3.4,0.7,0.6,0.054,0.144,0.155,0.52,0.055,2022-23
5214,12370,Orlando Robinson,MIA,22,208.28,106.59412,Fresno State,USA,Undrafted,Undrafted,Undrafted,31,3.7,4.1,0.8,3.8,0.108,0.201,0.1159999999999999,0.565,0.086,2022-23
5215,12371,Onyeka Okongwu,ATL,22,205.74,108.86208,Southern California,USA,2020,1,6,80,9.9,7.2,1.0,1.8,0.1169999999999999,0.19,0.15,0.6779999999999999,0.06,2022-23
5216,12372,Omer Yurtseven,MIA,25,210.82,124.7378,Georgetown,Turkey,Undrafted,Undrafted,Undrafted,9,4.4,2.6,0.2,1.7,0.089,0.179,0.159,0.675,0.035,2022-23
5217,12373,Olivier Sarr,OKC,24,210.82,108.86208,Kentucky,France,Undrafted,Undrafted,Undrafted,9,4.0,3.4,0.4,6.8,0.09,0.147,0.13,0.544,0.048,2022-23
5218,12374,Ochai Agbaji,UTA,23,195.58,97.52228,Kansas,USA,2022,1,14,59,7.9,2.1,1.1,-0.2,0.034,0.0579999999999999,0.154,0.561,0.072,2022-23
5219,12375,Obi Toppin,NYK,25,205.74,99.79024,Dayton,USA,2020,1,8,67,7.4,2.8,1.0,2.4,0.026,0.139,0.187,0.565,0.091,2022-23
5220,12376,O.G. Anunoby,TOR,25,200.66,105.233344,Indiana,United Kingdom,2017,1,23,67,16.8,5.0,2.0,3.0,0.037,0.11,0.192,0.586,0.08,2022-23
5221,12377,Norman Powell,LAC,30,193.04,97.52228,UCLA,USA,2015,2,46,60,17.0,2.9,1.8,-3.8,0.015,0.093,0.251,0.612,0.115,2022-23
5222,12378,Noah Vonleh,BOS,27,208.28,116.573144,Indiana,USA,2014,1,9,23,1.1,2.1,0.3,-1.4,0.11,0.174,0.09,0.502,0.051,2022-23
5223,12379,Nikola Vucevic,CHI,32,208.28,117.93392,Southern California,Montenegro,2011,1,16,82,17.6,11.0,3.2,-0.5,0.062,0.2739999999999999,0.218,0.594,0.146,2022-23
5224,12380,Nikola Jovic,MIA,20,208.28,92.98636,,Serbia,2022,1,27,15,5.5,2.1,0.7,-3.5,0.043,0.119,0.185,0.53,0.076,2022-23
5225,12381,Nikola Jokic,DEN,28,210.82,128.820128,,Serbia,2014,2,41,69,24.5,11.8,9.8,12.5,0.08,0.283,0.263,0.701,0.412,2022-23
5226,12382,Nicolas Batum,LAC,34,203.2,104.32616,,France,2008,1,25,78,6.1,3.8,1.6,4.5,0.036,0.135,0.111,0.594,0.095,2022-23
5227,12383,Nickeil Alexander-Walker,MIN,24,195.58,92.98636,Virginia Tech,Canada,2019,1,17,59,6.2,1.7,1.8,-2.0,0.017,0.095,0.177,0.565,0.168,2022-23
5228,12384,Nic Claxton,BKN,24,210.82,97.52228,Georgia,USA,2019,2,31,76,12.6,9.2,1.9,3.7,0.088,0.213,0.155,0.691,0.091,2022-23
5229,12385,Sandro Mamukelashvili,SAS,24,208.28,108.86208,Seton Hall,Georgia,2021,2,54,43,6.1,4.3,1.4,-10.1,0.093,0.178,0.177,0.516,0.134,2022-23
5230,12386,Wesley Matthews,MIL,36,195.58,99.79024,Marquette,USA,Undrafted,Undrafted,Undrafted,52,3.4,2.2,0.7,2.8,0.04,0.087,0.095,0.519,0.053,2022-23
5231,12387,Scottie Barnes,TOR,21,203.2,102.0582,Florida State,USA,2021,1,4,77,15.3,6.6,4.8,3.2,0.063,0.135,0.2,0.524,0.195,2022-23
5232,12388,Vernon Carey Jr.,UTA,22,208.28,122.46984,Duke,USA,2020,2,32,11,0.5,1.0,0.3,-17.3,0.081,0.296,0.147,0.3379999999999999,0.214,2022-23
5233,12389,Usman Garuba,HOU,21,203.2,103.872568,,Spain,2021,1,23,75,3.0,4.1,0.9,-12.2,0.11,0.1939999999999999,0.099,0.569,0.096,2022-23
5234,12390,Udonis Haslem,MIA,43,200.66,106.59412,Florida,USA,Undrafted,Undrafted,Undrafted,7,3.9,1.6,0.0,-11.8,0.047,0.1009999999999999,0.185,0.433,0.0,2022-23
5235,12391,Udoka Azubuike,UTA,23,210.82,122.46984,Kansas,Nigeria,2020,1,27,36,3.5,3.3,0.3,-11.7,0.082,0.2239999999999999,0.113,0.774,0.043,2022-23
5236,12392,Tyus Jones,MEM,27,187.96,88.904032,Duke,USA,2015,1,24,80,10.3,2.5,5.2,2.0,0.0139999999999999,0.084,0.175,0.546,0.286,2022-23
5237,12393,Tyrese Maxey,PHI,22,187.96,90.7184,Kentucky,USA,2020,1,21,60,20.3,2.9,3.5,5.4,0.012,0.079,0.236,0.605,0.1669999999999999,2022-23
5238,12394,Tyrese Martin,ATL,24,198.12,97.52228,Connecticut,USA,2022,2,51,16,1.3,0.8,0.1,2.3,0.065,0.109,0.1639999999999999,0.44,0.044,2022-23
5239,12395,Tyrese Haliburton,IND,23,195.58,83.91452,Iowa State,USA,2020,1,12,56,20.7,3.7,10.4,-1.0,0.018,0.092,0.238,0.624,0.457,2022-23
5240,12396,Tyler Herro,MIA,23,195.58,88.45044,Kentucky,USA,2019,1,13,67,20.1,5.4,4.2,2.7,0.012,0.154,0.25,0.5660000000000001,0.19,2022-23
5241,12397,Tyler Dorsey,DAL,27,193.04,81.64656,Oregon,USA,2017,2,41,3,3.0,0.7,0.0,7.0,0.1,0.1,0.2269999999999999,0.9,0.0,2022-23
5242,12398,TyTy Washington Jr.,HOU,21,190.5,88.45044,Kentucky,USA,2022,1,29,31,4.7,1.5,1.5,-6.1,0.004,0.099,0.17,0.432,0.152,2022-23
5243,12399,Ty Jerome,GSW,25,195.58,88.45044,Virginia,USA,2019,1,24,45,6.9,1.7,3.0,-5.6,0.009,0.091,0.147,0.594,0.233,2022-23
5244,12400,Troy Brown Jr.,LAL,23,200.66,97.52228,Oregon,USA,2018,1,15,76,7.1,4.1,1.3,-0.5,0.033,0.123,0.119,0.561,0.067,2022-23
5245,12401,Trey Murphy III,NOP,23,203.2,93.439952,Virginia,USA,2021,1,17,79,14.5,3.6,1.4,0.5,0.025,0.092,0.159,0.65,0.063,2022-23
5246,12402,Trey Lyles,SAC,27,205.74,106.140528,Kentucky,Canada,2015,1,12,74,7.6,4.1,0.9,4.0,0.054,0.184,0.174,0.607,0.073,2022-23
5247,12403,Trevor Keels,NYK,19,193.04,100.243832,Duke,USA,2022,2,42,3,1.0,0.7,0.0,-94.7,0.0,0.25,0.211,0.375,0.0,2022-23
5248,12404,Trevor Hudgins,HOU,24,182.88,81.64656,Northwest Missouri State,USA,Undrafted,Undrafted,Undrafted,5,1.8,0.0,0.6,7.0,0.0,0.0,0.177,0.436,0.176,2022-23
5249,12405,Victor Oladipo,MIA,31,190.5,96.615096,Indiana,USA,2013,1,2,42,10.7,3.0,3.5,-1.5,0.0139999999999999,0.109,0.204,0.513,0.206,2022-23
5250,12406,Trevelin Queen,IND,26,198.12,86.18248,New Mexico State,USA,Undrafted,Undrafted,Undrafted,7,3.0,2.4,0.9,9.2,0.086,0.138,0.1939999999999999,0.337,0.109,2022-23
5251,12407,Vince Williams Jr.,MEM,22,193.04,92.98636,Virginia Commonwealth,USA,2022,2,47,15,2.0,1.0,0.3,-14.8,0.03,0.12,0.176,0.367,0.062,2022-23
5252,12408,Vlatko Cancar,DEN,26,203.2,107.047712,,Slovenia,2017,2,49,60,5.0,2.1,1.3,-3.9,0.027,0.119,0.134,0.606,0.125,2022-23
5253,12409,Michael Porter Jr.,DEN,25,208.28,98.883056,Missouri,USA,2018,1,14,62,17.4,5.5,1.0,10.4,0.038,0.151,0.22,0.621,0.048,2022-23
5254,12410,Zion Williamson,NOP,22,198.12,128.820128,Duke,USA,2019,1,1,29,26.0,7.0,4.6,7.8,0.06,0.148,0.288,0.652,0.231,2022-23
5255,12411,Ziaire Williams,MEM,21,205.74,83.91452,Stanford,USA,2021,1,10,37,5.7,2.1,0.9,-5.2,0.0279999999999999,0.105,0.178,0.511,0.086,2022-23
5256,12412,Zeke Nnaji,DEN,22,205.74,108.86208,Arizona,USA,2020,1,22,53,5.2,2.6,0.3,-5.9,0.087,0.099,0.149,0.62,0.04,2022-23
5257,12413,Zach LaVine,CHI,28,195.58,90.7184,UCLA,USA,2014,1,13,77,24.8,4.5,4.2,0.3,0.016,0.108,0.278,0.607,0.187,2022-23
5258,12414,Zach Collins,SAS,25,210.82,113.398,Gonzaga,USA,2017,1,10,63,11.6,6.4,2.9,-7.5,0.076,0.19,0.209,0.599,0.18,2022-23
5259,12415,Yuta Watanabe,BKN,28,203.2,97.52228,George Washington,Japan,Undrafted,Undrafted,Undrafted,58,5.6,2.4,0.8,-0.6,0.034,0.1169999999999999,0.127,0.637,0.071,2022-23
5260,12416,Xavier Tillman,MEM,24,200.66,111.13004,Michigan State,USA,2020,2,35,61,7.0,5.0,1.6,0.7,0.095,0.155,0.136,0.621,0.109,2022-23
5261,12417,Xavier Sneed,CHA,25,195.58,97.52228,Kansas State,USA,Undrafted,Undrafted,Undrafted,4,4.3,1.3,1.3,-24.8,0.0,0.085,0.136,0.723,0.1669999999999999,2022-23
5262,12418,Xavier Moon,LAC,28,182.88,74.84268,Morehead State,USA,Undrafted,Undrafted,Undrafted,4,1.8,0.8,1.3,9.8,0.0,0.15,0.233,0.389,0.455,2022-23
5263,12419,Xavier Cooks,WAS,27,203.2,83.007336,Winthrop,Australia,Undrafted,Undrafted,Undrafted,10,3.8,3.8,0.6,7.4,0.113,0.152,0.127,0.586,0.061,2022-23
5264,12420,Willy Hernangomez,NOP,29,210.82,113.398,,Spain,2015,2,35,38,6.9,4.7,0.9,1.7,0.118,0.262,0.222,0.61,0.114,2022-23
5265,12421,Will Barton,TOR,32,195.58,82.10015200000001,Memphis,USA,2012,2,40,56,6.8,2.4,2.0,-8.4,0.0139999999999999,0.125,0.182,0.493,0.162,2022-23
5266,12422,Wenyen Gabriel,LAL,26,205.74,92.98636,Kentucky,South Sudan,Undrafted,Undrafted,Undrafted,68,5.5,4.2,0.5,-0.2,0.111,0.152,0.135,0.626,0.049,2022-23
5267,12423,Wendell Moore Jr.,MIN,21,195.58,97.52228,Duke,USA,2022,1,26,29,1.4,0.6,0.6,-13.5,0.025,0.086,0.139,0.465,0.162,2022-23
5268,12424,Wendell Carter Jr.,ORL,24,208.28,122.46984,Duke,USA,2018,1,7,57,15.2,8.7,2.3,-0.8,0.074,0.221,0.204,0.621,0.119,2022-23
5269,12425,Walker Kessler,UTA,21,213.36,111.13004,Auburn,USA,2022,1,22,74,9.2,8.4,0.9,3.0,0.133,0.205,0.13,0.7020000000000001,0.057,2022-23
5270,12426,Vit Krejci,ATL,23,203.2,88.45044,,Czech Republic,2020,2,37,29,1.2,0.9,0.6,-1.8,0.036,0.125,0.108,0.475,0.1369999999999999,2022-23
5271,12427,Santi Aldama,MEM,22,213.36,97.52228,Loyola-Maryland,Spain,2021,1,30,77,9.0,4.8,1.3,2.6,0.047,0.162,0.157,0.591,0.076,2022-23
5272,12428,Trent Forrest,ATL,25,193.04,95.25432,Florida State,USA,Undrafted,Undrafted,Undrafted,23,2.3,1.6,1.7,-10.1,0.018,0.1169999999999999,0.1159999999999999,0.424,0.186,2022-23
5273,12429,Tre Mann,OKC,22,190.5,80.73937600000001,Florida,USA,2021,1,18,67,7.7,2.3,1.8,1.0,0.021,0.104,0.2,0.492,0.144,2022-23
5274,12430,T.J. McConnell,IND,31,185.42,86.18248,Arizona,USA,2015,Undrafted,Undrafted,75,8.7,3.1,5.3,-2.4,0.0279999999999999,0.123,0.182,0.59,0.39,2022-23
5275,12431,Svi Mykhailiuk,CHA,26,200.66,92.98636,Kansas,Ukraine,2018,2,47,32,6.9,1.7,1.7,1.0,0.032,0.079,0.191,0.584,0.1669999999999999,2022-23
5276,12432,Steven Adams,MEM,29,210.82,120.20188,Pittsburgh,New Zealand,2013,1,12,42,8.6,11.5,2.3,9.7,0.171,0.222,0.139,0.564,0.107,2022-23
5277,12433,Sterling Brown,LAL,28,195.58,99.336648,Southern Methodist,USA,2017,2,46,4,0.0,2.0,0.5,0.4,0.091,0.152,0.061,0.0,0.077,2022-23
5278,12434,Stephen Curry,GSW,35,187.96,83.91452,Davidson,USA,2009,1,7,56,29.4,6.1,6.3,5.8,0.02,0.147,0.297,0.6559999999999999,0.2739999999999999,2022-23
5279,12435,Stanley Umude,DET,24,198.12,95.25432,Arkansas,USA,Undrafted,Undrafted,Undrafted,1,2.0,0.0,0.0,95.0,0.0,0.0,0.5,0.532,0.0,2022-23
5280,12436,Stanley Johnson,SAS,27,198.12,109.769264,Arizona,USA,2015,1,8,30,5.8,3.2,2.2,-7.0,0.047,0.15,0.148,0.625,0.179,2022-23
5281,12437,Spencer Dinwiddie,BKN,30,195.58,97.52228,Colorado,USA,2014,2,38,79,17.3,3.4,6.5,-0.1,0.01,0.092,0.22,0.573,0.297,2022-23
5282,12438,Skylar Mays,POR,25,193.04,92.98636,Louisiana State,USA,2020,2,50,6,15.3,3.2,8.3,-16.3,0.01,0.097,0.182,0.624,0.368,2022-23
5283,12439,Simone Fontecchio,UTA,27,200.66,94.800728,,Italy,Undrafted,Undrafted,Undrafted,52,6.3,1.7,0.8,-13.1,0.036,0.07,0.192,0.495,0.079,2022-23
5284,12440,Shaquille Harrison,LAL,29,193.04,88.45044,Tulsa,USA,Undrafted,Undrafted,Undrafted,5,8.8,4.4,6.0,-0.4,0.008,0.184,0.162,0.516,0.306,2022-23
5285,12441,Shake Milton,PHI,26,195.58,92.98636,Southern Methodist,USA,2018,2,54,76,8.4,2.5,3.2,3.9,0.026,0.096,0.175,0.575,0.213,2022-23
5286,12442,Shai Gilgeous-Alexander,OKC,24,198.12,88.45044,Kentucky,Canada,2018,1,11,68,31.4,4.8,5.5,2.7,0.023,0.109,0.318,0.626,0.249,2022-23
5287,12443,Shaedon Sharpe,POR,20,195.58,90.7184,Kentucky,Canada,2022,1,7,80,9.9,3.0,1.2,-7.6,0.037,0.102,0.186,0.568,0.079,2022-23
5288,12444,Seth Curry,BKN,32,185.42,83.91452,Duke,USA,Undrafted,Undrafted,Undrafted,61,9.2,1.6,1.6,-3.5,0.011,0.071,0.188,0.593,0.121,2022-23
5289,12445,Serge Ibaka,MIL,33,210.82,106.59412,,Democratic Republic of the Congo,2008,1,24,16,4.1,2.8,0.3,-6.5,0.073,0.153,0.159,0.5529999999999999,0.036,2022-23
5290,12446,Scotty Pippen Jr.,LAL,22,185.42,77.11064,Vanderbilt,USA,Undrafted,Undrafted,Undrafted,6,2.3,0.7,0.3,-1.5,0.05,0.057,0.231,0.439,0.125,2022-23
5291,12447,T.J. Warren,PHX,29,203.2,99.79024,North Carolina State,USA,2014,1,14,42,7.5,2.9,1.0,4.4,0.038,0.131,0.185,0.55,0.081,2022-23
5292,12448,Trendon Watford,POR,22,203.2,107.501304,Louisiana State,USA,Undrafted,Undrafted,Undrafted,62,7.4,3.8,2.1,-7.1,0.037,0.173,0.158,0.625,0.162,2022-23
5293,12449,Taj Gibson,WAS,38,205.74,105.233344,Southern California,USA,2009,1,26,49,3.4,1.9,0.7,-1.1,0.068,0.143,0.151,0.585,0.094,2022-23
5294,12450,Tari Eason,HOU,22,203.2,97.52228,Louisiana State,USA,2022,1,17,82,9.3,6.0,1.1,-4.8,0.1009999999999999,0.172,0.184,0.525,0.075,2022-23
5295,12451,Tre Jones,SAS,23,185.42,83.91452,Duke,USA,2020,2,41,68,12.9,3.6,6.6,-7.8,0.026,0.099,0.1889999999999999,0.534,0.306,2022-23
5296,12452,Trae Young,ATL,24,185.42,74.389088,Oklahoma,USA,2018,1,5,73,26.2,3.0,10.2,1.3,0.021,0.062,0.313,0.573,0.414,2022-23
5297,12453,Torrey Craig,PHX,32,200.66,100.243832,South Carolina Upstate,USA,Undrafted,Undrafted,Undrafted,79,7.4,5.4,1.5,-3.7,0.073,0.146,0.128,0.5660000000000001,0.08,2022-23
5298,12454,Tony Bradley,CHI,25,210.82,112.490816,North Carolina,USA,2017,1,28,12,1.6,0.9,0.1,9.9,0.0289999999999999,0.278,0.174,0.69,0.042,2022-23
5299,12455,Tobias Harris,PHI,30,200.66,102.511792,Tennessee,USA,2011,1,19,74,14.7,5.7,2.5,5.5,0.03,0.15,0.18,0.602,0.114,2022-23
5300,12456,Tim Hardaway Jr.,DAL,31,195.58,92.98636,Michigan,USA,2013,1,24,71,14.4,3.5,1.8,3.4,0.01,0.108,0.201,0.5539999999999999,0.088,2022-23
5301,12457,Thomas Bryant,DEN,25,208.28,112.490816,Indiana,USA,2017,2,42,59,9.8,5.7,0.5,-4.7,0.081,0.223,0.181,0.682,0.042,2022-23
5302,12458,Theo Pinson,DAL,27,200.66,96.161504,North Carolina,USA,Undrafted,Undrafted,Undrafted,40,2.4,1.6,1.2,-7.6,0.0289999999999999,0.163,0.136,0.512,0.196,2022-23
5303,12459,Theo Maledon,CHA,22,195.58,79.3786,,France,2020,2,34,44,6.7,2.8,3.5,-8.9,0.016,0.128,0.166,0.515,0.247,2022-23
5304,12460,Thanasis Antetokounmpo,MIL,30,200.66,99.336648,,Greece,2014,2,51,37,1.4,1.2,0.4,-26.6,0.075,0.139,0.138,0.4579999999999999,0.115,2022-23
5305,12461,Thaddeus Young,TOR,35,203.2,106.59412,Georgia Tech,USA,2007,1,12,54,4.4,3.1,1.4,-5.6,0.083,0.136,0.131,0.573,0.133,2022-23
5306,12462,Terry Taylor,CHI,23,193.04,104.32616,Austin Peay,USA,Undrafted,Undrafted,Undrafted,31,2.9,1.5,0.3,4.5,0.088,0.076,0.129,0.557,0.052,2022-23
5307,12463,Terry Rozier,CHA,29,185.42,86.18248,Louisville,USA,2015,1,16,63,21.1,4.1,5.1,-6.2,0.021,0.095,0.262,0.517,0.22,2022-23
5308,12464,Terrence Ross,PHX,32,200.66,93.439952,Washington,USA,2012,1,8,63,8.3,2.4,1.5,-2.6,0.016,0.099,0.166,0.544,0.1009999999999999,2022-23
5309,12465,Terence Davis,SAC,26,193.04,91.171992,Mississippi,USA,Undrafted,Undrafted,Undrafted,64,6.7,2.2,1.0,4.0,0.024,0.14,0.215,0.563,0.11,2022-23
5310,12466,Terance Mann,LAC,26,195.58,97.52228,Florida State,USA,2019,2,48,81,8.8,3.4,2.3,0.3,0.042,0.107,0.149,0.619,0.139,2022-23
5311,12467,Taurean Prince,MIN,29,198.12,98.883056,Baylor,USA,2016,1,12,54,9.1,2.4,1.6,0.9,0.013,0.096,0.165,0.597,0.094,2022-23
5312,12468,Talen Horton-Tucker,UTA,22,193.04,106.140528,Iowa State,USA,2019,2,46,65,10.7,3.2,3.8,0.1,0.03,0.1169999999999999,0.25,0.508,0.2739999999999999,2022-23
5313,12469,Michael Foster Jr.,PHI,20,203.2,113.398,,USA,Undrafted,Undrafted,Undrafted,1,0.0,0.0,0.0,-100.0,0.0,0.0,0.0,0.0,0.0,2022-23
5314,12470,Lindell Wigginton,MIL,25,185.42,85.728888,Iowa State,Canada,2019,Undrafted,Undrafted,7,7.1,1.0,2.0,-20.2,0.0,0.077,0.251,0.61,0.264,2022-23
5315,12471,Micah Potter,UTA,25,203.2,112.490816,Wisconsin,USA,Undrafted,Undrafted,Undrafted,7,3.4,2.3,0.6,-4.2,0.046,0.22,0.121,0.8,0.133,2022-23
5316,12472,Dennis Smith Jr.,CHA,25,187.96,92.98636,North Carolina State,USA,2017,1,9,54,8.8,3.1,4.8,-2.6,0.018,0.093,0.175,0.475,0.275,2022-23
5317,12473,Deonte Burton,SAC,29,193.04,108.86208,Iowa State,USA,Undrafted,Undrafted,Undrafted,2,0.0,0.0,0.0,51.8,0.0,0.0,0.133,0.0,0.0,2022-23
5318,12474,Dereon Seabron,NOP,23,195.58,81.64656,North Carolina State,USA,Undrafted,Undrafted,Undrafted,5,0.8,0.2,0.0,36.8,0.067,0.0,0.156,0.4,0.0,2022-23
5319,12475,Derrick Jones Jr.,CHI,26,198.12,95.25432,UNLV,USA,Undrafted,Undrafted,Undrafted,64,5.0,2.4,0.5,6.7,0.069,0.098,0.138,0.597,0.052,2022-23
5320,12476,Derrick Rose,NYK,34,190.5,90.7184,Memphis,USA,2008,1,1,27,5.6,1.5,1.7,-3.5,0.022,0.082,0.22,0.4629999999999999,0.208,2022-23
5321,12477,Derrick White,BOS,28,193.04,86.18248,Colorado,USA,2017,1,29,82,12.4,3.6,3.9,11.0,0.023,0.098,0.174,0.604,0.191,2022-23
5322,12478,Desmond Bane,MEM,25,195.58,97.52228,TCU,USA,2020,1,30,58,21.5,5.0,4.4,9.0,0.022,0.123,0.252,0.606,0.2019999999999999,2022-23
5323,12479,Devin Booker,PHX,26,195.58,93.439952,Kentucky,USA,2015,1,13,53,27.8,4.5,5.5,6.2,0.025,0.105,0.311,0.601,0.251,2022-23
5324,12480,Devin Vassell,SAS,22,195.58,90.7184,Florida State,USA,2020,1,11,38,18.5,3.9,3.6,-11.7,0.006,0.125,0.24,0.55,0.173,2022-23
5325,12481,Devon Dotson,WAS,23,185.42,83.91452,Kansas,USA,Undrafted,Undrafted,Undrafted,6,0.5,1.7,1.3,-5.7,0.107,0.085,0.102,0.15,0.211,2022-23
5326,12482,Devonte' Graham,SAS,28,185.42,88.45044,Kansas,USA,2018,2,34,73,7.4,1.7,2.7,-6.2,0.013,0.081,0.165,0.552,0.207,2022-23
5327,12483,Dewayne Dedmon,PHI,33,208.28,111.13004,Southern California,USA,Undrafted,Undrafted,Undrafted,38,5.2,3.5,0.7,-10.6,0.075,0.231,0.195,0.5770000000000001,0.108,2022-23
5328,12484,Dillon Brooks,MEM,27,198.12,102.0582,Oregon,Canada,2017,2,45,73,14.3,3.3,2.6,4.9,0.019,0.084,0.214,0.494,0.1169999999999999,2022-23
5329,12485,Domantas Sabonis,SAC,27,215.9,108.86208,Gonzaga,Lithuania,2016,1,11,79,19.1,12.3,7.3,3.9,0.096,0.275,0.213,0.6679999999999999,0.297,2022-23
5330,12486,Dominick Barlow,SAS,20,205.74,97.52228,,USA,Undrafted,Undrafted,Undrafted,28,3.9,3.6,0.9,-10.7,0.1,0.131,0.107,0.5670000000000001,0.079,2022-23
5331,12487,Donovan Mitchell,CLE,26,185.42,97.52228,Louisville,USA,2017,1,13,68,28.3,4.3,4.4,5.9,0.027,0.097,0.31,0.614,0.205,2022-23
5332,12488,Donovan Williams,ATL,21,198.12,86.18248,UNLV,USA,Undrafted,Undrafted,Undrafted,2,2.0,1.0,0.0,60.0,0.0,0.4,0.385,0.4,0.0,2022-23
5333,12489,Donte DiVincenzo,GSW,26,193.04,92.079176,Villanova,USA,2018,1,17,72,9.4,4.5,3.5,2.9,0.0409999999999999,0.123,0.146,0.593,0.176,2022-23
5334,12490,Dorian Finney-Smith,BKN,30,200.66,99.79024,Florida,USA,Undrafted,Undrafted,Undrafted,66,8.3,4.8,1.5,-0.3,0.055,0.105,0.129,0.523,0.07,2022-23
5335,12491,Dennis Schroder,LAL,29,185.42,78.017824,,Germany,2013,1,17,66,12.6,2.5,4.5,2.8,0.011,0.067,0.183,0.545,0.2019999999999999,2022-23
5336,12492,Doug McDermott,SAS,31,198.12,102.0582,Creighton,USA,2014,1,11,64,10.2,2.2,1.4,-9.7,0.016,0.085,0.186,0.59,0.098,2022-23
5337,12493,Deni Avdija,WAS,22,205.74,95.25432,,Israel,2020,1,9,76,9.2,6.4,2.8,-0.8,0.038,0.196,0.165,0.535,0.142,2022-23
5338,12494,Dejounte Murray,ATL,26,195.58,81.64656,Washington,USA,2016,1,29,74,20.5,5.3,6.1,-1.1,0.019,0.127,0.239,0.54,0.239,2022-23
5339,12495,Danny Green,CLE,36,198.12,97.52228,North Carolina,USA,2009,2,46,11,5.5,1.3,0.5,-5.5,0.023,0.08,0.187,0.617,0.065,2022-23
5340,12496,Danuel House Jr.,PHI,30,198.12,99.79024,Texas A&M,USA,Undrafted,Undrafted,Undrafted,56,4.8,1.7,0.8,0.3,0.012,0.107,0.133,0.6,0.074,2022-23
5341,12497,Dario Saric,OKC,29,208.28,102.0582,,Croatia,2014,1,12,57,6.4,3.6,1.3,1.6,0.064,0.195,0.186,0.583,0.131,2022-23
5342,12498,Darius Bazley,PHX,23,205.74,97.975872,,USA,2019,1,23,43,5.2,3.2,0.9,-3.6,0.053,0.157,0.165,0.524,0.088,2022-23
5343,12499,Darius Days,HOU,23,200.66,111.13004,Louisiana State,USA,Undrafted,Undrafted,Undrafted,4,3.8,1.5,0.3,-0.2,0.034,0.2269999999999999,0.21,0.5820000000000001,0.067,2022-23
5344,12500,Darius Garland,CLE,23,185.42,87.089664,Vanderbilt,USA,2019,1,5,69,21.6,2.7,7.8,8.0,0.012,0.067,0.262,0.5870000000000001,0.3279999999999999,2022-23
5345,12501,David Duke Jr.,BKN,23,193.04,92.532768,Providence,USA,Undrafted,Undrafted,Undrafted,23,3.7,1.3,0.9,-6.3,0.049,0.078,0.187,0.497,0.145,2022-23
5346,12502,David Roddy,MEM,22,193.04,115.66596,Colorado State,USA,2022,1,23,70,6.7,2.8,0.8,-1.9,0.037,0.107,0.163,0.519,0.064,2022-23
5347,12503,Davion Mitchell,SAC,24,182.88,91.625584,Baylor,USA,2021,1,9,80,5.6,1.3,2.3,2.7,0.012,0.062,0.14,0.545,0.173,2022-23
5348,12504,Davis Bertans,DAL,30,208.28,102.0582,,Latvia,2011,2,42,45,4.6,1.2,0.5,-4.3,0.02,0.086,0.155,0.618,0.065,2022-23
5349,12505,Davon Reed,LAL,28,195.58,93.439952,Miami,USA,2017,2,32,43,2.1,1.4,0.5,-14.1,0.031,0.146,0.142,0.471,0.099,2022-23
5350,12506,Day'Ron Sharpe,BKN,21,205.74,120.20188,North Carolina,USA,2021,1,29,48,4.7,4.2,0.8,-8.8,0.168,0.19,0.173,0.581,0.099,2022-23
5351,12507,De'Aaron Fox,SAC,25,190.5,83.91452,Kentucky,USA,2017,1,5,73,25.0,4.2,6.1,3.1,0.017,0.111,0.288,0.599,0.281,2022-23
5352,12508,De'Andre Hunter,ATL,25,203.2,100.243832,Virginia,USA,2019,1,4,67,15.4,4.2,1.4,-0.6,0.021,0.1119999999999999,0.193,0.563,0.059,2022-23
5353,12509,De'Anthony Melton,PHI,25,187.96,90.7184,Southern California,USA,2018,2,46,77,10.1,4.1,2.6,2.7,0.034,0.114,0.162,0.5660000000000001,0.133,2022-23
5354,12510,DeAndre Jordan,DEN,34,210.82,120.20188,Texas A&M,USA,2008,2,35,39,5.1,5.2,0.9,-8.4,0.094,0.252,0.134,0.731,0.084,2022-23
5355,12511,DeMar DeRozan,CHI,33,198.12,99.79024,Southern California,USA,2009,1,9,74,24.5,4.6,5.1,1.5,0.013,0.1159999999999999,0.272,0.5920000000000001,0.222,2022-23
5356,12512,Dean Wade,CLE,26,205.74,103.418976,Kansas State,USA,Undrafted,Undrafted,Undrafted,44,4.7,3.4,0.8,6.5,0.023,0.146,0.1,0.55,0.0559999999999999,2022-23
5357,12513,Deandre Ayton,PHX,24,213.36,113.398,Arizona,Bahamas,2018,1,1,67,18.0,10.0,1.7,0.0,0.084,0.247,0.231,0.617,0.09,2022-23
5358,12514,Delon Wright,WAS,31,195.58,83.91452,Utah,USA,2015,1,20,50,7.4,3.6,3.9,3.2,0.05,0.097,0.125,0.581,0.209,2022-23
5359,12515,Draymond Green,GSW,33,198.12,104.32616,Michigan State,USA,2012,2,35,73,8.5,7.2,6.8,7.0,0.0289999999999999,0.185,0.129,0.5920000000000001,0.268,2022-23
5360,12516,Drew Eubanks,POR,26,208.28,111.13004,Oregon State,USA,Undrafted,Undrafted,Undrafted,78,6.6,5.4,1.3,-4.1,0.084,0.183,0.122,0.6659999999999999,0.092,2022-23
5361,12517,Dru Smith,BKN,25,190.5,92.079176,Missouri,USA,Undrafted,Undrafted,Undrafted,15,2.9,1.6,1.5,-8.8,0.012,0.132,0.133,0.475,0.206,2022-23
5362,12518,George Hill,IND,37,193.04,85.275296,Indiana-Purdue Indianapolis,USA,2008,1,26,46,5.0,1.8,2.4,1.9,0.017,0.077,0.11,0.61,0.178,2022-23
5363,12519,Georges Niang,PHI,30,200.66,104.32616,Iowa State,USA,2016,2,50,78,8.2,2.4,1.0,1.3,0.013,0.109,0.162,0.61,0.074,2022-23
5364,12520,Giannis Antetokounmpo,MIL,28,213.36,110.222856,,Greece,2013,1,15,63,31.1,11.8,5.7,7.2,0.065,0.268,0.373,0.605,0.314,2022-23
5365,12521,Goga Bitadze,ORL,23,210.82,113.398,,Georgia,2019,1,18,38,4.4,3.6,1.0,3.7,0.123,0.1669999999999999,0.147,0.5820000000000001,0.122,2022-23
5366,12522,Goran Dragic,MIL,37,193.04,86.18248,,Slovenia,2008,2,45,58,6.3,1.4,2.6,-0.6,0.018,0.075,0.198,0.514,0.237,2022-23
5367,12523,Gordon Hayward,CHA,33,200.66,102.0582,Butler,USA,2010,1,9,50,14.7,4.3,4.1,-3.3,0.02,0.1119999999999999,0.196,0.563,0.187,2022-23
5368,12524,Gorgui Dieng,SAS,33,208.28,112.490816,Louisville,Senegal,2013,1,21,31,3.9,3.5,1.7,-18.6,0.063,0.22,0.177,0.493,0.221,2022-23
5369,12525,Grant Williams,BOS,24,198.12,107.047712,Tennessee,USA,2019,1,22,79,8.1,4.6,1.7,5.9,0.042,0.134,0.128,0.605,0.086,2022-23
5370,12526,Grayson Allen,MIL,27,193.04,89.811216,Duke,USA,2018,1,21,72,10.4,3.3,2.3,4.9,0.03,0.082,0.143,0.612,0.107,2022-23
5371,12527,Greg Brown III,POR,21,200.66,93.439952,Texas,USA,2021,2,43,16,1.8,1.2,0.2,-3.4,0.019,0.175,0.17,0.421,0.055,2022-23
5372,12528,Hamidou Diallo,DET,24,195.58,91.625584,Kentucky,USA,2018,2,45,56,9.3,3.5,1.0,-0.6,0.0559999999999999,0.136,0.21,0.593,0.088,2022-23
5373,12529,Harrison Barnes,SAC,31,203.2,102.0582,North Carolina,USA,2012,1,7,82,15.0,4.5,1.6,4.8,0.034,0.107,0.168,0.632,0.063,2022-23
5374,12530,Haywood Highsmith,MIA,26,195.58,99.79024,Wheeling Jesuit,USA,2018,Undrafted,Undrafted,54,4.4,3.5,0.8,-5.2,0.055,0.135,0.121,0.517,0.065,2022-23
5375,12531,Herbert Jones,NOP,24,200.66,93.439952,Alabama,USA,2021,2,35,66,9.8,4.1,2.5,3.9,0.051,0.089,0.144,0.5670000000000001,0.108,2022-23
5376,12532,Immanuel Quickley,NYK,24,187.96,86.18248,Kentucky,USA,2020,1,25,81,14.9,4.2,3.4,6.2,0.024,0.11,0.203,0.578,0.178,2022-23
5377,12533,Isaac Okoro,CLE,22,195.58,102.0582,Auburn,USA,2020,1,5,76,6.4,2.5,1.1,5.4,0.033,0.085,0.1169999999999999,0.614,0.07,2022-23
5378,12534,Isaiah Hartenstein,NYK,25,213.36,113.398,,Germany,2017,2,43,82,5.0,6.5,1.2,4.4,0.122,0.192,0.107,0.5670000000000001,0.083,2022-23
5379,12535,Isaiah Jackson,IND,21,205.74,92.98636,Kentucky,USA,2021,1,22,63,7.2,4.5,0.8,-5.6,0.1,0.159,0.165,0.595,0.071,2022-23
5380,12536,Isaiah Joe,OKC,23,190.5,74.84268,Arkansas,USA,2020,2,49,73,9.5,2.4,1.2,5.1,0.018,0.108,0.17,0.626,0.087,2022-23
5381,12537,Gary Trent Jr.,TOR,24,195.58,94.800728,Duke,USA,2018,2,37,66,17.4,2.6,1.6,-2.1,0.013,0.073,0.209,0.56,0.075,2022-23
5382,12538,Gary Payton II,GSW,30,187.96,88.45044,Oregon State,USA,Undrafted,Undrafted,Undrafted,22,4.6,3.1,1.4,5.4,0.069,0.121,0.1009999999999999,0.701,0.106,2022-23
5383,12539,Gary Harris,ORL,28,193.04,95.25432,Michigan State,USA,2014,1,19,48,8.3,2.0,1.2,-2.8,0.018,0.069,0.125,0.62,0.067,2022-23
5384,12540,Garrison Mathews,ATL,26,198.12,97.52228,Lipscomb,USA,Undrafted,Undrafted,Undrafted,54,4.8,1.4,0.5,-6.4,0.0139999999999999,0.082,0.139,0.573,0.057,2022-23
5385,12541,Duane Washington Jr.,NYK,23,187.96,89.357624,Ohio State,Germany,Undrafted,Undrafted,Undrafted,31,7.9,1.2,2.0,-0.5,0.004,0.085,0.298,0.4579999999999999,0.26,2022-23
5386,12542,Duncan Robinson,MIA,29,200.66,97.52228,Michigan,USA,Undrafted,Undrafted,Undrafted,42,6.4,1.6,1.1,-5.0,0.012,0.094,0.172,0.534,0.1009999999999999,2022-23
5387,12543,Dwight Powell,DAL,31,208.28,108.86208,Stanford,Canada,2014,2,45,76,6.7,4.1,0.9,6.2,0.106,0.12,0.123,0.738,0.067,2022-23
5388,12544,Dylan Windler,CLE,26,200.66,88.904032,Belmont,USA,2019,1,26,3,1.7,0.0,0.3,4.4,0.0,0.0,0.182,0.833,0.2,2022-23
5389,12545,Dyson Daniels,NOP,20,200.66,90.264808,,Australia,2022,1,8,59,3.8,3.2,2.3,0.4,0.035,0.14,0.113,0.503,0.172,2022-23
5390,12546,Edmond Sumner,BKN,27,193.04,88.904032,Xavier,USA,2017,2,52,53,7.1,1.5,1.3,1.7,0.019,0.086,0.209,0.597,0.13,2022-23
5391,12547,Eric Gordon,LAC,34,190.5,97.52228,Indiana,USA,2008,1,7,69,12.4,1.9,2.7,-5.8,0.008,0.059,0.171,0.5870000000000001,0.133,2022-23
5392,12548,Eugene Omoruyi,DET,26,198.12,106.59412,Oregon,Nigeria,Undrafted,Undrafted,Undrafted,40,7.0,2.8,0.7,-1.9,0.065,0.11,0.192,0.5329999999999999,0.065,2022-23
5393,12549,Evan Fournier,NYK,30,198.12,92.98636,,France,2012,1,20,27,6.1,1.8,1.3,-4.7,0.008,0.096,0.179,0.471,0.111,2022-23
5394,12550,Daniel Theis,IND,31,203.2,111.13004,,Germany,Undrafted,Undrafted,Undrafted,7,7.0,3.1,1.3,-8.2,0.059,0.147,0.201,0.497,0.125,2022-23
5395,12551,Evan Mobley,CLE,22,210.82,97.52228,Southern California,USA,2021,1,3,79,16.2,9.0,2.8,6.5,0.073,0.2,0.1989999999999999,0.591,0.122,2022-23
5396,12552,Frank Jackson,UTA,25,190.5,92.98636,Duke,USA,2017,2,31,1,0.0,2.0,1.0,-22.2,0.125,0.3329999999999999,0.25,0.0,0.25,2022-23
5397,12553,Frank Kaminsky,HOU,30,213.36,108.86208,Wisconsin,USA,2015,1,9,36,2.5,1.4,0.9,-1.9,0.0289999999999999,0.207,0.146,0.635,0.1939999999999999,2022-23
5398,12554,Frank Ntilikina,DAL,24,193.04,90.7184,,France,2017,1,8,47,2.9,1.3,1.2,5.1,0.011,0.086,0.125,0.461,0.127,2022-23
5399,12555,Franz Wagner,ORL,21,208.28,99.79024,Michigan,Germany,2021,1,8,80,18.6,4.1,3.5,1.2,0.027,0.098,0.23,0.589,0.1669999999999999,2022-23
5400,12556,Fred VanVleet,TOR,29,182.88,89.357624,Wichita State,USA,Undrafted,Undrafted,Undrafted,69,19.3,4.1,7.2,3.3,0.011,0.11,0.225,0.54,0.276,2022-23
5401,12557,Furkan Korkmaz,PHI,25,200.66,91.625584,,Turkey,2016,1,26,37,3.8,1.1,0.6,1.4,0.017,0.099,0.176,0.552,0.091,2022-23
5402,12558,Gabe Vincent,MIA,27,187.96,90.7184,California-Santa Barbara,USA,Undrafted,Undrafted,Undrafted,68,9.4,2.1,2.5,-0.7,0.016,0.071,0.17,0.5329999999999999,0.139,2022-23
5403,12559,Gabe York,IND,29,190.5,86.18248,Arizona,USA,Undrafted,Undrafted,Undrafted,3,8.0,2.0,1.7,17.4,0.0,0.094,0.173,0.5479999999999999,0.109,2022-23
5404,12560,Garrett Temple,NOP,37,198.12,88.45044,Louisiana State,USA,Undrafted,Undrafted,Undrafted,25,2.0,0.7,0.5,-5.3,0.027,0.069,0.123,0.535,0.1169999999999999,2022-23
5405,12561,Facundo Campazzo,DAL,32,177.8,88.45044,,Argentina,Undrafted,Undrafted,Undrafted,8,1.3,0.3,1.1,11.0,0.0,0.0409999999999999,0.144,0.36,0.3,2022-23
5406,12562,Daniel Gafford,WAS,24,208.28,106.140528,Arkansas,USA,2019,2,38,78,9.0,5.6,1.1,-2.5,0.103,0.159,0.146,0.7390000000000001,0.074,2022-23
5407,12563,Damion Lee,PHX,30,195.58,95.25432,Drexel,USA,Undrafted,Undrafted,Undrafted,74,8.2,3.0,1.3,2.7,0.024,0.124,0.155,0.607,0.092,2022-23
5408,12564,Damian Lillard,POR,32,187.96,88.45044,Weber State,USA,2012,1,6,58,32.2,4.8,7.3,2.1,0.022,0.1119999999999999,0.331,0.645,0.3379999999999999,2022-23
5409,12565,Anthony Gill,WAS,30,203.2,104.32616,Virginia,USA,Undrafted,Undrafted,Undrafted,59,3.3,1.7,0.6,-0.8,0.0579999999999999,0.1,0.1159999999999999,0.604,0.074,2022-23
5410,12566,Anthony Lamb,GSW,25,198.12,102.965384,Vermont,USA,Undrafted,Undrafted,Undrafted,62,6.7,3.5,1.5,1.7,0.047,0.129,0.136,0.61,0.111,2022-23
5411,12567,Austin Reaves,LAL,25,195.58,89.357624,Oklahoma,USA,Undrafted,Undrafted,Undrafted,64,13.0,3.0,3.4,4.9,0.018,0.079,0.154,0.687,0.155,2022-23
5412,12568,Austin Rivers,MIN,30,193.04,90.7184,Duke,USA,2012,1,10,52,4.9,1.6,1.4,-4.9,0.005,0.078,0.104,0.564,0.095,2022-23
5413,12569,Ayo Dosunmu,CHI,23,195.58,90.7184,Illinois,USA,2021,2,38,80,8.6,2.8,2.6,-1.3,0.022,0.081,0.145,0.5670000000000001,0.135,2022-23
5414,12570,Bam Adebayo,MIA,25,205.74,115.66596,Kentucky,USA,2017,1,14,75,20.4,9.2,3.2,1.8,0.073,0.206,0.251,0.5920000000000001,0.154,2022-23
5415,12571,Ben Simmons,BKN,26,208.28,108.86208,Louisiana State,Australia,2016,1,1,42,6.9,6.3,6.1,2.1,0.04,0.186,0.142,0.5589999999999999,0.295,2022-23
5416,12572,Bennedict Mathurin,IND,21,195.58,95.25432,Arizona,Canada,2022,1,6,78,16.7,4.1,1.5,-4.3,0.037,0.103,0.235,0.5660000000000001,0.078,2022-23
5417,12573,Bismack Biyombo,PHX,30,203.2,115.66596,,DRC,2011,1,7,61,4.3,4.3,0.9,3.1,0.093,0.184,0.136,0.555,0.089,2022-23
5418,12574,Blake Griffin,BOS,34,205.74,113.398,Oklahoma,USA,2009,1,1,41,4.1,3.8,1.5,9.9,0.079,0.195,0.125,0.59,0.142,2022-23
5419,12575,Blake Wesley,SAS,20,193.04,83.91452,Notre Dame,USA,2022,1,25,37,5.0,2.2,2.6,-13.4,0.016,0.1009999999999999,0.18,0.3929999999999999,0.201,2022-23
5420,12576,Boban Marjanovic,HOU,34,223.52,131.54168,,Serbia,Undrafted,Undrafted,Undrafted,31,3.3,1.9,0.3,18.5,0.121,0.226,0.206,0.71,0.079,2022-23
5421,12577,Bobby Portis,MIL,28,210.82,113.398,Arkansas,USA,2015,1,22,70,14.1,9.6,1.5,-0.1,0.08,0.263,0.211,0.575,0.087,2022-23
5422,12578,Bogdan Bogdanovic,ATL,30,195.58,102.0582,,Serbia,2014,1,27,54,14.0,3.1,2.8,1.2,0.015,0.093,0.196,0.586,0.134,2022-23
5423,12579,Bojan Bogdanovic,DET,34,200.66,102.511792,,Croatia,2011,2,31,59,21.6,3.8,2.6,-8.2,0.018,0.099,0.251,0.627,0.133,2022-23
5424,12580,Bol Bol,ORL,23,218.44,99.79024,Oregon,Sudan,2019,2,44,70,9.1,5.8,1.0,-4.4,0.046,0.22,0.177,0.603,0.069,2022-23
5425,12581,Bones Hyland,LAC,22,187.96,76.657048,Virginia Commonwealth,USA,2021,1,26,56,11.8,2.4,3.1,-5.3,0.019,0.111,0.271,0.535,0.245,2022-23
5426,12582,Bradley Beal,WAS,30,193.04,93.893544,Florida,USA,2012,1,3,50,23.2,3.9,5.4,0.7,0.026,0.091,0.288,0.593,0.26,2022-23
5427,12583,Brandon Boston Jr.,LAC,21,198.12,85.275296,Kentucky,USA,2021,2,51,22,6.5,1.4,0.9,-7.7,0.024,0.098,0.237,0.515,0.129,2022-23
5428,12584,Anthony Edwards,MIN,21,193.04,102.0582,Georgia,USA,2020,1,1,79,24.6,5.8,4.4,1.9,0.017,0.139,0.292,0.564,0.192,2022-23
5429,12585,Anthony Davis,LAL,30,208.28,114.758776,Kentucky,USA,2012,1,1,56,25.9,12.5,2.6,4.8,0.102,0.248,0.2769999999999999,0.627,0.128,2022-23
5430,12586,Anfernee Simons,POR,24,190.5,82.10015200000001,,USA,2018,1,24,62,21.1,2.6,4.1,-1.6,0.008,0.067,0.247,0.581,0.186,2022-23
5431,12587,Andrew Wiggins,GSW,28,200.66,89.357624,Kansas,Canada,2014,1,1,37,17.1,5.0,2.3,5.2,0.05,0.1009999999999999,0.212,0.564,0.1,2022-23
5432,12588,A.J. Lawson,DAL,22,198.12,81.19296800000001,South Carolina,Canada,Undrafted,Undrafted,Undrafted,15,3.7,1.4,0.1,-20.1,0.046,0.152,0.1889999999999999,0.589,0.032,2022-23
5433,12589,AJ Green,MIL,23,195.58,86.18248,Northern Iowa,USA,Undrafted,Undrafted,Undrafted,35,4.4,1.3,0.6,-4.9,0.016,0.105,0.159,0.607,0.092,2022-23
5434,12590,AJ Griffin,ATL,19,198.12,99.79024,Duke,USA,2022,1,16,72,8.9,2.1,1.0,1.5,0.026,0.08,0.174,0.5770000000000001,0.07,2022-23
5435,12591,Aaron Gordon,DEN,27,203.2,106.59412,Arizona,USA,2014,1,4,68,16.3,6.6,3.0,12.1,0.086,0.136,0.206,0.617,0.129,2022-23
5436,12592,Aaron Holiday,ATL,26,182.88,83.91452,UCLA,USA,2018,1,23,63,3.9,1.2,1.4,0.9,0.0279999999999999,0.059,0.129,0.528,0.135,2022-23
5437,12593,Aaron Nesmith,IND,23,195.58,97.52228,Vanderbilt,USA,2020,1,14,73,10.1,3.8,1.3,-4.7,0.033,0.119,0.168,0.5660000000000001,0.073,2022-23
5438,12594,Aaron Wiggins,OKC,24,195.58,86.18248,Maryland,USA,2021,2,55,70,6.8,3.0,1.1,1.5,0.05,0.109,0.143,0.607,0.084,2022-23
5439,12595,Admiral Schofield,ORL,26,195.58,109.315672,Tennessee,United Kingdom,2019,2,42,37,4.2,1.7,0.8,-8.3,0.047,0.092,0.139,0.5870000000000001,0.103,2022-23
5440,12596,Al Horford,BOS,37,205.74,108.86208,Florida,Dominican Republic,2007,1,3,63,9.8,6.2,3.0,7.8,0.039,0.159,0.119,0.631,0.128,2022-23
5441,12597,Brandon Clarke,MEM,26,203.2,97.52228,Gonzaga,Canada,2019,1,21,56,10.0,5.5,1.3,0.7,0.079,0.177,0.174,0.6809999999999999,0.1,2022-23
5442,12598,Alec Burks,DET,31,198.12,97.068688,Colorado,USA,2011,1,12,51,12.8,3.1,2.2,-1.0,0.017,0.124,0.218,0.602,0.15,2022-23
5443,12599,Alex Caruso,CHI,29,195.58,84.368112,Texas A&M,USA,Undrafted,Undrafted,Undrafted,67,5.6,2.9,2.9,6.1,0.0279999999999999,0.099,0.109,0.588,0.155,2022-23
5444,12600,Alex Len,SAC,30,218.44,113.398,Maryland,Ukraine,2013,1,5,26,1.7,2.3,0.5,6.6,0.143,0.1939999999999999,0.132,0.58,0.099,2022-23
5445,12601,Alize Johnson,SAS,27,203.2,96.161504,Missouri State,USA,2018,2,50,4,1.8,2.5,0.3,19.0,0.063,0.211,0.145,0.509,0.042,2022-23
5446,12602,Alondes Williams,BKN,24,193.04,95.25432,Wake Forest,USA,Undrafted,Undrafted,Undrafted,1,0.0,1.0,0.0,-53.0,0.0,0.25,0.143,0.0,0.0,2022-23
5447,12603,Alperen Sengun,HOU,20,210.82,110.222856,,Turkey,2021,1,16,75,14.8,9.0,3.9,-7.8,0.107,0.204,0.211,0.599,0.1989999999999999,2022-23
5448,12604,Amir Coffey,LAC,26,200.66,95.25432,Minnesota,USA,Undrafted,Undrafted,Undrafted,50,3.4,1.1,1.1,-8.9,0.026,0.055,0.128,0.498,0.119,2022-23
5449,12605,Andre Drummond,CHI,29,210.82,126.552168,Connecticut,USA,2012,1,9,67,6.0,6.6,0.5,2.6,0.16,0.353,0.196,0.606,0.057,2022-23
5450,12606,Andre Iguodala,GSW,39,198.12,97.52228,Arizona,USA,2004,1,9,8,2.1,2.1,2.4,12.0,0.027,0.113,0.089,0.521,0.183,2022-23
5451,12607,Andrew Nembhard,IND,23,190.5,86.636072,Gonzaga,Canada,2022,2,31,75,9.5,2.7,4.5,-5.9,0.016,0.078,0.159,0.528,0.222,2022-23
5452,12608,Aleksej Pokusevski,OKC,21,213.36,95.25432,,Serbia,2020,1,17,34,8.1,4.7,1.9,-12.7,0.0579999999999999,0.16,0.179,0.522,0.13,2022-23
5453,12609,Isaiah Livers,DET,24,198.12,105.233344,Michigan,USA,2021,2,42,52,6.7,2.8,0.8,-7.8,0.023,0.096,0.1169999999999999,0.5670000000000001,0.048,2022-23
5454,12610,Brandon Ingram,NOP,25,203.2,86.18248,Duke,USA,2016,1,2,45,24.7,5.5,5.8,3.0,0.015,0.145,0.306,0.5820000000000001,0.2769999999999999,2022-23
5455,12611,Brook Lopez,MIL,35,215.9,127.912944,Stanford,USA,2008,1,10,78,15.9,6.7,1.3,7.1,0.064,0.135,0.187,0.63,0.06,2022-23
5456,12612,Chris Silva,DAL,26,203.2,106.140528,South Carolina,Gabon,Undrafted,Undrafted,Undrafted,1,2.0,0.0,0.0,12.5,0.0,0.0,0.25,1.0,0.0,2022-23
5457,12613,Christian Braun,DEN,22,198.12,99.79024,Kansas,USA,2022,1,21,76,4.7,2.4,0.8,-4.3,0.042,0.1119999999999999,0.127,0.568,0.07,2022-23
5458,12614,Christian Koloko,TOR,23,213.36,104.32616,Arizona,Cameroon,2022,2,33,58,3.1,2.9,0.5,9.0,0.094,0.11,0.1,0.517,0.05,2022-23
5459,12615,Christian Wood,DAL,27,205.74,97.068688,UNLV,USA,Undrafted,Undrafted,Undrafted,67,16.6,7.3,1.8,-1.3,0.053,0.238,0.259,0.624,0.119,2022-23
5460,12616,Chuma Okeke,ORL,24,203.2,103.872568,Auburn,USA,2019,1,16,27,4.7,3.6,1.4,-10.8,0.049,0.132,0.121,0.488,0.1009999999999999,2022-23
5461,12617,Clint Capela,ATL,29,208.28,116.119552,,Switzerland,2014,1,25,65,12.0,11.0,0.9,-1.1,0.142,0.268,0.151,0.6559999999999999,0.045,2022-23
5462,12618,Coby White,CHI,23,195.58,88.45044,North Carolina,USA,2019,1,7,74,9.7,2.9,2.8,4.0,0.009,0.11,0.17,0.5720000000000001,0.159,2022-23
5463,12619,Cody Martin,CHA,27,198.12,92.98636,Nevada,USA,2019,2,36,7,5.0,3.4,1.6,-9.7,0.0559999999999999,0.109,0.121,0.4479999999999999,0.111,2022-23
5464,12620,Cody Zeller,MIA,30,210.82,108.86208,Indiana,USA,2013,1,4,15,6.5,4.3,0.7,-10.3,0.1169999999999999,0.2,0.175,0.659,0.077,2022-23
5465,12621,Cole Anthony,ORL,23,190.5,83.91452,North Carolina,USA,2020,1,15,60,13.0,4.8,3.9,-0.1,0.03,0.152,0.209,0.57,0.228,2022-23
5466,12622,Cole Swider,LAL,24,205.74,99.79024,Syracuse,USA,Undrafted,Undrafted,Undrafted,7,1.3,1.0,0.6,3.3,0.024,0.158,0.089,0.5,0.105,2022-23
5467,12623,Collin Sexton,UTA,24,187.96,86.18248,Alabama,USA,2018,1,8,48,14.3,2.2,2.9,0.1,0.032,0.0559999999999999,0.23,0.616,0.178,2022-23
5468,12624,Corey Kispert,WAS,24,198.12,101.604608,Gonzaga,USA,2021,1,15,74,11.1,2.8,1.2,-3.2,0.016,0.082,0.139,0.657,0.0559999999999999,2022-23
5469,12625,Cory Joseph,DET,31,190.5,90.7184,Texas,Canada,2011,1,29,62,6.9,1.7,3.5,-4.1,0.016,0.07,0.149,0.5579999999999999,0.256,2022-23
5470,12626,D'Angelo Russell,LAL,27,193.04,87.543256,Ohio State,USA,2015,1,2,71,17.8,3.0,6.2,1.5,0.016,0.075,0.225,0.605,0.2739999999999999,2022-23
5471,12627,Daishen Nix,HOU,21,193.04,102.511792,,USA,Undrafted,Undrafted,Undrafted,57,4.0,1.7,2.3,-8.2,0.018,0.091,0.149,0.447,0.191,2022-23
5472,12628,Dalano Banton,TOR,23,200.66,92.532768,Nebraska,Canada,2021,2,46,31,4.6,1.5,1.2,-6.5,0.036,0.13,0.2289999999999999,0.505,0.2019999999999999,2022-23
5473,12629,Dalen Terry,CHI,20,200.66,88.45044,Arizona,USA,2022,1,18,38,2.2,1.0,0.6,3.3,0.0559999999999999,0.1169999999999999,0.173,0.523,0.157,2022-23
5474,12630,Damian Jones,UTA,28,210.82,111.13004,Vanderbilt,USA,2016,1,30,41,3.5,3.0,0.4,-9.0,0.078,0.152,0.102,0.7190000000000001,0.044,2022-23
5475,12631,Chris Paul,PHX,38,182.88,79.3786,Wake Forest,USA,2005,1,4,59,13.9,4.3,8.9,2.3,0.0139999999999999,0.118,0.195,0.555,0.389,2022-23
5476,12632,Chris Duarte,IND,26,195.58,86.18248,Oregon,Dominican Republic,2021,1,13,46,7.9,2.5,1.4,-6.2,0.02,0.106,0.181,0.496,0.1009999999999999,2022-23
5477,12633,Chris Boucher,TOR,30,205.74,90.7184,Oregon,Saint Lucia,Undrafted,Undrafted,Undrafted,76,9.4,5.5,0.4,-1.3,0.094,0.19,0.175,0.59,0.0289999999999999,2022-23
5478,12634,Chimezie Metu,SAC,26,205.74,102.0582,Southern California,USA,2018,2,49,66,4.9,3.0,0.6,6.7,0.068,0.206,0.168,0.639,0.08,2022-23
5479,12635,Bruce Brown,DEN,26,193.04,91.625584,Miami,USA,2018,2,42,80,11.5,4.1,3.4,0.8,0.0289999999999999,0.1159999999999999,0.174,0.5710000000000001,0.1639999999999999,2022-23
5480,12636,Bruno Fernando,ATL,24,208.28,108.86208,Maryland,Angola,2019,2,34,39,3.9,3.5,0.8,-8.9,0.123,0.19,0.159,0.5710000000000001,0.1169999999999999,2022-23
5481,12637,Bryce McGowens,CHA,20,198.12,79.3786,Nebraska,USA,2022,2,40,46,5.3,2.0,1.2,-9.7,0.025,0.088,0.147,0.519,0.098,2022-23
5482,12638,Bryn Forbes,MIN,29,187.96,92.98636,Michigan State,USA,Undrafted,Undrafted,Undrafted,25,3.6,0.6,0.7,-8.5,0.015,0.04,0.155,0.497,0.087,2022-23
5483,12639,Buddy Boeheim,DET,23,198.12,92.98636,Syracuse,USA,Undrafted,Undrafted,Undrafted,10,1.6,0.6,0.4,2.7,0.022,0.043,0.131,0.287,0.059,2022-23
5484,12640,Buddy Hield,IND,30,193.04,99.79024,Oklahoma,Bahamas,2016,1,6,80,16.8,5.0,2.8,-1.9,0.027,0.132,0.205,0.614,0.131,2022-23
5485,12641,CJ McCollum,NOP,31,190.5,86.18248,Lehigh,USA,2013,1,10,75,20.9,4.4,5.7,1.1,0.021,0.104,0.26,0.541,0.242,2022-23
5486,12642,Cade Cunningham,DET,21,200.66,99.79024,Oklahoma State,USA,2021,1,1,12,19.9,6.2,6.0,-6.1,0.027,0.148,0.287,0.492,0.306,2022-23
5487,12643,Caleb Houstan,ORL,20,203.2,92.98636,Michigan,Canada,2022,2,32,51,3.8,1.9,0.6,-5.3,0.0409999999999999,0.083,0.107,0.508,0.051,2022-23
5488,12644,Braxton Key,DET,26,203.2,102.0582,Virginia,USA,Undrafted,Undrafted,Undrafted,3,1.3,0.3,0.0,-4.5,0.0,0.067,0.091,1.064,0.0,2022-23
5489,12645,Caleb Martin,MIA,27,195.58,92.98636,Nevada,USA,Undrafted,Undrafted,Undrafted,71,9.6,4.8,1.6,0.0,0.044,0.13,0.143,0.5710000000000001,0.082,2022-23
5490,12646,Cam Thomas,BKN,21,190.5,95.25432,Louisiana State,Japan,2021,1,27,57,10.6,1.7,1.4,-1.6,0.009,0.089,0.268,0.5670000000000001,0.133,2022-23
5491,12647,Cameron Johnson,BKN,27,203.2,95.25432,North Carolina,USA,2019,1,11,42,15.5,4.4,1.9,6.6,0.0289999999999999,0.12,0.2019999999999999,0.617,0.099,2022-23
5492,12648,Cameron Payne,PHX,28,185.42,83.007336,Murray State,USA,2015,1,14,48,10.3,2.2,4.5,4.1,0.012,0.1,0.239,0.512,0.308,2022-23
5493,12649,Caris LeVert,CLE,28,198.12,92.98636,Michigan,USA,2016,1,20,74,12.1,3.8,3.9,4.5,0.024,0.105,0.183,0.546,0.182,2022-23
5494,12650,Carlik Jones,CHI,25,182.88,78.92500799999999,Louisville,USA,Undrafted,Undrafted,Undrafted,7,2.9,0.7,0.9,20.7,0.016,0.069,0.153,0.54,0.133,2022-23
5495,12651,Cedi Osman,CLE,28,200.66,104.32616,,Turkey,2015,2,31,77,8.7,2.3,1.5,7.5,0.017,0.1,0.178,0.579,0.107,2022-23
5496,12652,Chance Comanche,POR,27,208.28,95.25432,Arizona,USA,Undrafted,Undrafted,Undrafted,1,7.0,3.0,0.0,-68.1,0.08,0.067,0.14,0.518,0.0,2022-23
5497,12653,Charles Bassey,SAS,22,205.74,104.32616,Western Kentucky,Nigeria,2021,2,53,35,5.7,5.5,1.4,-2.4,0.14,0.2319999999999999,0.152,0.6579999999999999,0.131,2022-23
5498,12654,Chima Moneke,SAC,27,195.58,101.151016,Cal-Davis,Nigeria,Undrafted,Undrafted,Undrafted,2,1.0,1.0,0.5,-57.2,0.25,0.0,0.25,0.347,0.25,2022-23
5499,12655,Cam Reddish,POR,23,200.66,98.429464,Duke,USA,2019,1,10,40,9.7,2.2,1.4,-9.0,0.017,0.07,0.166,0.561,0.085,2022-23
5500,12656,Michael Carter-Williams,ORL,31,195.58,86.18248,Syracuse,USA,2013,1,11,4,4.3,1.3,1.8,-32.4,0.021,0.125,0.191,0.498,0.28,2022-23
5501,12657,Isaiah Mobley,CLE,23,203.2,107.954896,Southern California,USA,2022,2,49,12,2.6,1.7,0.3,19.8,0.053,0.174,0.166,0.521,0.054,2022-23
5502,12658,Isaiah Stewart,DET,22,203.2,113.398,Washington,USA,2020,1,16,50,11.3,8.1,1.4,-8.0,0.078,0.2019999999999999,0.17,0.56,0.073,2022-23
5503,12659,Kenyon Martin Jr.,HOU,22,200.66,97.52228,,USA,2020,2,52,82,12.7,5.5,1.5,-8.0,0.052,0.143,0.16,0.635,0.079,2022-23
5504,12660,Keon Ellis,SAC,23,190.5,79.3786,Alabama,USA,Undrafted,Undrafted,Undrafted,16,1.5,0.5,0.4,-14.3,0.0559999999999999,0.063,0.124,0.629,0.136,2022-23
5505,12661,Keon Johnson,POR,21,190.5,83.91452,Tennessee,USA,2021,1,21,40,4.7,1.1,1.5,-16.2,0.025,0.086,0.237,0.482,0.226,2022-23
5506,12662,Kessler Edwards,SAC,22,200.66,92.079176,Pepperdine,USA,2021,2,44,36,2.8,1.7,0.6,2.2,0.059,0.102,0.119,0.502,0.073,2022-23
5507,12663,Kevin Durant,PHX,34,208.28,108.86208,Texas,USA,2007,1,2,47,29.1,6.7,5.0,6.8,0.012,0.166,0.305,0.677,0.228,2022-23
5508,12664,Kevin Huerter,SAC,24,200.66,89.811216,Maryland,USA,2018,1,19,75,15.2,3.3,2.9,4.5,0.02,0.1,0.1969999999999999,0.617,0.1369999999999999,2022-23
5509,12665,Kevin Knox II,POR,23,200.66,97.52228,Kentucky,USA,2018,1,9,63,6.6,2.8,0.5,-11.4,0.033,0.152,0.175,0.579,0.053,2022-23
5510,12666,Kevin Love,MIA,34,203.2,113.851592,UCLA,USA,2008,1,5,62,8.2,6.4,1.9,3.9,0.05,0.287,0.185,0.5479999999999999,0.131,2022-23
5511,12667,Kevin Porter Jr.,HOU,23,193.04,92.079176,Southern California,USA,2019,1,30,59,19.2,5.3,5.7,-8.3,0.036,0.1169999999999999,0.239,0.565,0.26,2022-23
5512,12668,Kevon Harris,ORL,26,198.12,97.975872,Stephen F. Austin,USA,Undrafted,Undrafted,Undrafted,34,4.1,2.1,0.5,0.3,0.057,0.092,0.129,0.564,0.049,2022-23
5513,12669,Kevon Looney,GSW,27,205.74,100.697424,UCLA,USA,2015,1,30,82,7.0,9.3,2.5,4.4,0.135,0.2339999999999999,0.104,0.639,0.136,2022-23
5514,12670,Khem Birch,SAS,30,203.2,105.68693600000002,UNLV,Canada,Undrafted,Undrafted,Undrafted,20,2.2,1.3,0.4,2.8,0.051,0.118,0.113,0.629,0.063,2022-23
5515,12671,Khris Middleton,MIL,31,200.66,100.697424,Texas A&M,USA,2012,2,39,33,15.1,4.2,4.9,6.1,0.034,0.122,0.259,0.551,0.288,2022-23
5516,12672,Killian Hayes,DET,21,195.58,88.45044,,France,2020,1,7,76,10.3,2.9,6.2,-10.9,0.012,0.092,0.201,0.455,0.325,2022-23
5517,12673,Kira Lewis Jr.,NOP,22,185.42,77.11064,Alabama,USA,2020,1,13,25,4.6,1.3,0.9,11.2,0.021,0.109,0.192,0.584,0.1369999999999999,2022-23
5518,12674,Klay Thompson,GSW,33,198.12,99.79024,Washington State,USA,2011,1,11,69,21.9,4.1,2.4,2.9,0.017,0.1009999999999999,0.256,0.5760000000000001,0.105,2022-23
5519,12675,Kobi Simmons,CHA,25,195.58,81.64656,Arizona,USA,Undrafted,Undrafted,Undrafted,5,1.0,0.8,1.0,-34.9,0.036,0.088,0.119,0.363,0.313,2022-23
5520,12676,Kris Dunn,UTA,29,190.5,92.98636,Providence,USA,2016,1,5,22,13.2,4.5,5.6,-4.3,0.015,0.148,0.195,0.606,0.315,2022-23
5521,12677,Kristaps Porzingis,WAS,27,220.98,108.86208,,Latvia,2015,1,4,65,23.2,8.4,2.7,1.4,0.057,0.1939999999999999,0.272,0.627,0.125,2022-23
5522,12678,Kentavious Caldwell-Pope,DEN,30,195.58,92.532768,Georgia,USA,2013,1,8,76,10.8,2.7,2.4,9.8,0.016,0.074,0.136,0.598,0.092,2022-23
5523,12679,Kyle Anderson,MIN,29,205.74,104.32616,UCLA,USA,2014,1,30,69,9.4,5.3,4.9,2.3,0.035,0.152,0.143,0.583,0.225,2022-23
5524,12680,Kenrich Williams,OKC,28,198.12,95.25432,TCU,USA,Undrafted,Undrafted,Undrafted,53,8.0,4.9,2.0,4.1,0.075,0.1369999999999999,0.134,0.585,0.1169999999999999,2022-23
5525,12681,Kennedy Chandler,MEM,20,180.34,77.11064,Tennessee,USA,2022,2,38,36,2.2,1.1,1.6,-5.4,0.0289999999999999,0.103,0.15,0.44,0.278,2022-23
5526,12682,Julius Randle,NYK,28,203.2,113.398,Kentucky,USA,2014,1,7,77,25.1,10.0,4.1,2.7,0.05,0.226,0.288,0.581,0.184,2022-23
5527,12683,Justin Champagnie,BOS,22,198.12,93.439952,Pittsburgh,USA,Undrafted,Undrafted,Undrafted,5,2.2,1.6,0.8,-9.5,0.088,0.179,0.188,0.367,0.148,2022-23
5528,12684,Justin Holiday,DAL,34,198.12,81.64656,Washington,USA,Undrafted,Undrafted,Undrafted,46,4.5,1.2,0.9,-9.1,0.007,0.067,0.132,0.494,0.08,2022-23
5529,12685,Justin Jackson,BOS,28,203.2,99.79024,North Carolina,USA,2017,1,15,23,0.9,0.7,0.4,-28.3,0.017,0.119,0.122,0.359,0.145,2022-23
5530,12686,Justin Minaya,POR,24,200.66,95.25432,Providence,USA,Undrafted,Undrafted,Undrafted,4,4.3,3.8,1.0,-12.0,0.03,0.135,0.123,0.363,0.0559999999999999,2022-23
5531,12687,Justise Winslow,POR,27,198.12,100.697424,Duke,USA,2015,1,10,29,6.8,5.0,3.4,-2.6,0.062,0.123,0.139,0.466,0.177,2022-23
5532,12688,Jusuf Nurkic,POR,28,213.36,131.54168,,Bosnia and Herzegovina,2014,1,16,52,13.3,9.1,2.9,0.3,0.084,0.258,0.218,0.589,0.16,2022-23
5533,12689,KZ Okpala,SAC,24,203.2,97.52228,Stanford,USA,2019,2,32,35,1.3,1.0,0.4,1.5,0.0279999999999999,0.102,0.081,0.5539999999999999,0.065,2022-23
5534,12690,Kai Jones,CHA,22,210.82,100.243832,Texas,Bahamas,2021,1,19,46,3.4,2.7,0.3,-3.1,0.065,0.146,0.121,0.597,0.0409999999999999,2022-23
5535,12691,Karl-Anthony Towns,MIN,27,213.36,112.490816,Kentucky,USA,2015,1,1,29,20.8,8.1,4.8,1.8,0.05,0.181,0.25,0.618,0.225,2022-23
5536,12692,Kawhi Leonard,LAC,32,200.66,102.0582,San Diego State,USA,2011,1,15,52,23.8,6.5,3.9,6.1,0.034,0.16,0.267,0.623,0.19,2022-23
5537,12693,Keegan Murray,SAC,22,203.2,102.0582,Iowa,USA,2022,1,4,80,12.2,4.6,1.2,1.7,0.038,0.123,0.156,0.597,0.053,2022-23
5538,12694,Keita Bates-Diop,SAS,27,203.2,103.872568,Ohio State,USA,2018,2,48,67,9.7,3.7,1.5,-8.5,0.042,0.13,0.165,0.609,0.099,2022-23
5539,12695,Keldon Johnson,SAS,23,195.58,99.79024,Kentucky,USA,2019,1,29,63,22.0,5.0,2.9,-11.3,0.025,0.133,0.273,0.551,0.1369999999999999,2022-23
5540,12696,Kelly Olynyk,UTA,32,210.82,108.86208,Gonzaga,Canada,2013,1,13,68,12.5,6.2,3.7,0.4,0.042,0.1639999999999999,0.176,0.643,0.173,2022-23
5541,12697,Kelly Oubre Jr.,CHA,27,198.12,92.079176,Kansas,USA,2015,1,15,48,20.3,5.2,1.1,-7.7,0.038,0.121,0.257,0.534,0.057,2022-23
5542,12698,Kemba Walker,DAL,33,182.88,83.46092800000001,Connecticut,USA,2011,1,9,9,8.0,1.8,2.1,-1.9,0.02,0.09,0.215,0.5429999999999999,0.216,2022-23
5543,12699,Kendall Brown,IND,20,200.66,92.98636,Baylor,USA,2022,2,48,6,1.5,1.0,0.5,8.2,0.051,0.089,0.093,0.5710000000000001,0.091,2022-23
5544,12700,Kendrick Nunn,WAS,27,190.5,86.18248,Oakland,USA,Undrafted,Undrafted,Undrafted,70,7.1,1.6,1.3,-2.3,0.015,0.09,0.2269999999999999,0.53,0.1369999999999999,2022-23
5545,12701,Kenneth Lofton Jr.,MEM,20,198.12,124.7378,Louisiana Tech,USA,Undrafted,Undrafted,Undrafted,24,5.0,2.1,0.8,-13.4,0.097,0.198,0.267,0.5720000000000001,0.198,2022-23
5546,12702,Kyle Kuzma,WAS,27,205.74,100.243832,Utah,USA,2017,1,27,64,21.2,7.2,3.7,0.3,0.025,0.172,0.273,0.544,0.1639999999999999,2022-23
5547,12703,Kyle Lowry,MIA,37,182.88,88.904032,Villanova,USA,2006,1,24,55,11.2,4.1,5.1,1.1,0.025,0.1119999999999999,0.162,0.565,0.233,2022-23
5548,12704,Kyrie Irving,DAL,31,187.96,88.45044,Duke,Australia,2011,1,1,60,27.1,5.1,5.5,4.7,0.0289999999999999,0.107,0.286,0.613,0.233,2022-23
5549,12705,Mamadi Diakite,CLE,26,205.74,103.418976,Virginia,Guinea,Undrafted,Undrafted,Undrafted,22,2.6,1.4,0.4,0.7,0.051,0.133,0.1639999999999999,0.56,0.07,2022-23
5550,12706,MarJon Beauchamp,MIL,22,200.66,90.264808,,USA,2022,1,24,52,5.1,2.2,0.7,-7.2,0.05,0.103,0.175,0.513,0.072,2022-23
5551,12707,Marcus Morris Sr.,LAC,33,203.2,98.883056,Kansas,USA,2011,1,14,65,11.2,4.0,1.8,-0.3,0.017,0.127,0.176,0.534,0.09,2022-23
5552,12708,Marcus Smart,BOS,29,193.04,99.79024,Oklahoma State,USA,2014,1,6,61,11.5,3.1,6.3,6.3,0.024,0.073,0.176,0.5379999999999999,0.256,2022-23
5553,12709,Mark Williams,CHA,21,213.36,108.86208,Duke,USA,2022,1,15,43,9.0,7.1,0.4,-4.7,0.106,0.2319999999999999,0.168,0.659,0.033,2022-23
5554,12710,Markelle Fultz,ORL,25,193.04,94.800728,Washington,USA,2017,1,1,60,14.0,3.9,5.7,-3.7,0.038,0.095,0.208,0.564,0.29,2022-23
5555,12711,Markieff Morris,DAL,33,205.74,111.13004,Kansas,USA,2011,1,13,35,3.8,2.0,0.9,1.7,0.037,0.15,0.159,0.5529999999999999,0.114,2022-23
5556,12712,Marko Simonovic,CHI,23,213.36,99.79024,,Montenegro,2020,2,44,7,0.9,0.3,0.0,27.3,0.043,0.059,0.145,0.381,0.0,2022-23
5557,12713,Marvin Bagley III,DET,24,208.28,106.59412,Duke,USA,2018,1,2,42,12.0,6.4,0.9,-10.6,0.091,0.179,0.2019999999999999,0.5870000000000001,0.0579999999999999,2022-23
5558,12714,Mason Plumlee,LAC,33,213.36,115.212368,Duke,USA,2013,1,22,79,10.8,8.9,3.1,-5.9,0.105,0.238,0.149,0.6890000000000001,0.166,2022-23
5559,12715,Matisse Thybulle,POR,26,195.58,91.171992,Washington,USA,2019,1,20,71,4.1,2.0,0.7,-0.5,0.032,0.085,0.102,0.552,0.059,2022-23
5560,12716,Matt Ryan,MIN,26,198.12,97.52228,Tennessee-Chattanooga,USA,Undrafted,Undrafted,Undrafted,34,3.6,0.8,0.5,2.2,0.013,0.067,0.157,0.5379999999999999,0.068,2022-23
5561,12717,Matthew Dellavedova,SAC,32,190.5,90.7184,,Australia,Undrafted,Undrafted,Undrafted,32,1.5,0.4,1.3,-8.8,0.005,0.054,0.122,0.4429999999999999,0.2789999999999999,2022-23
5562,12718,Max Christie,LAL,20,195.58,86.18248,Michigan State,USA,2022,2,35,41,3.1,1.8,0.5,-7.1,0.012,0.126,0.1,0.5660000000000001,0.054,2022-23
5563,12719,Max Strus,MIA,27,195.58,97.52228,DePaul,USA,Undrafted,Undrafted,Undrafted,80,11.5,3.2,2.1,-3.8,0.021,0.097,0.17,0.557,0.115,2022-23
5564,12720,Maxi Kleber,DAL,31,208.28,108.86208,,Germany,Undrafted,Undrafted,Undrafted,37,5.9,3.6,1.4,-2.9,0.033,0.1159999999999999,0.1,0.5920000000000001,0.079,2022-23
5565,12721,McKinley Wright IV,DAL,24,180.34,87.089664,Colorado,USA,Undrafted,Undrafted,Undrafted,27,4.2,1.7,2.1,-14.9,0.026,0.109,0.16,0.536,0.275,2022-23
5566,12722,Meyers Leonard,MIL,31,213.36,117.93392,Illinois,USA,2012,1,11,9,4.8,3.8,0.1,-12.5,0.103,0.195,0.14,0.652,0.012,2022-23
5567,12723,Mfiondu Kabengele,BOS,25,208.28,113.398,Florida State,Canada,2019,1,27,4,1.5,2.5,0.0,-6.9,0.132,0.152,0.107,0.381,0.0,2022-23
5568,12724,Malik Monk,SAC,25,190.5,90.7184,Kentucky,USA,2017,1,11,77,13.5,2.6,3.9,1.0,0.019,0.097,0.247,0.5870000000000001,0.258,2022-23
5569,12725,Malik Beasley,LAL,26,193.04,84.821704,Florida State,USA,2016,1,19,81,12.7,3.5,1.5,-2.2,0.016,0.1159999999999999,0.207,0.531,0.086,2022-23
5570,12726,Malcolm Hill,CHI,27,198.12,99.79024,Illinois,USA,Undrafted,Undrafted,Undrafted,5,1.0,0.6,0.0,39.1,0.0,0.214,0.1669999999999999,0.625,0.0,2022-23
5571,12727,Malcolm Brogdon,BOS,30,193.04,103.872568,Virginia,USA,2016,2,36,67,14.9,4.2,3.7,5.1,0.024,0.132,0.223,0.615,0.223,2022-23
5572,12728,LaMelo Ball,CHA,21,200.66,81.64656,,USA,2020,1,3,36,23.3,6.4,8.4,-4.7,0.031,0.147,0.289,0.541,0.352,2022-23
5573,12729,Lamar Stevens,CLE,25,198.12,104.32616,Penn State,USA,Undrafted,Undrafted,Undrafted,62,5.3,3.3,0.5,1.2,0.046,0.145,0.136,0.524,0.04,2022-23
5574,12730,Landry Shamet,PHX,26,193.04,86.18248,Wichita State,USA,2018,1,26,40,8.7,1.7,2.3,2.2,0.013,0.07,0.186,0.537,0.1669999999999999,2022-23
5575,12731,Larry Nance Jr.,NOP,30,203.2,111.13004,Wyoming,USA,2015,1,27,65,6.8,5.4,1.8,6.7,0.081,0.184,0.118,0.649,0.1169999999999999,2022-23
5576,12732,Lauri Markkanen,UTA,26,213.36,108.86208,Arizona,Finland,2017,1,7,66,25.6,8.6,1.9,3.8,0.055,0.183,0.259,0.6409999999999999,0.086,2022-23
5577,12733,LeBron James,LAL,38,205.74,113.398,,USA,2003,1,1,55,28.9,8.3,6.8,4.6,0.033,0.191,0.322,0.583,0.308,2022-23
5578,12734,Leandro Bolmaro,UTA,22,198.12,90.7184,,Argentina,2020,1,23,14,0.4,0.5,0.5,0.7,0.051,0.04,0.155,0.15,0.121,2022-23
5579,12735,Lester Quinones,GSW,22,193.04,94.347136,Memphis,USA,Undrafted,Undrafted,Undrafted,4,2.5,0.8,0.5,14.6,0.071,0.087,0.283,0.654,0.125,2022-23
5580,12736,Lindy Waters III,OKC,25,198.12,95.25432,Oklahoma State,USA,Undrafted,Undrafted,Undrafted,41,5.2,1.8,0.7,10.5,0.0279999999999999,0.103,0.148,0.573,0.071,2022-23
5581,12737,Julian Champagnie,SAS,22,200.66,98.429464,St. John's,USA,Undrafted,Undrafted,Undrafted,17,9.7,3.5,0.6,-10.6,0.027,0.147,0.181,0.6,0.043,2022-23
5582,12738,Lonnie Walker IV,LAL,24,193.04,92.532768,Miami,USA,2018,1,18,56,11.7,1.9,1.1,-7.3,0.011,0.069,0.198,0.57,0.071,2022-23
5583,12739,Luguentz Dort,OKC,24,193.04,99.79024,Arizona State,Canada,Undrafted,Undrafted,Undrafted,74,13.7,4.6,2.1,0.9,0.053,0.092,0.1939999999999999,0.513,0.09,2022-23
5584,12740,Luka Doncic,DAL,24,200.66,104.32616,,Slovenia,2018,1,3,66,32.4,8.6,8.0,2.1,0.024,0.2239999999999999,0.368,0.609,0.408,2022-23
5585,12741,Luka Garza,MIN,24,208.28,110.222856,Iowa,USA,2021,2,52,28,6.5,2.3,0.6,2.0,0.13,0.128,0.245,0.652,0.103,2022-23
5586,12742,Luka Samanic,UTA,23,208.28,102.965384,,Croatia,2019,1,19,7,9.9,4.3,2.1,-1.7,0.0,0.161,0.193,0.55,0.115,2022-23
5587,12743,Luke Kennard,MEM,27,195.58,93.439952,Duke,USA,2017,1,12,59,9.3,2.7,1.5,7.3,0.012,0.104,0.144,0.684,0.091,2022-23
5588,12744,Luke Kornet,BOS,27,218.44,113.398,Vanderbilt,USA,Undrafted,Undrafted,Undrafted,69,3.8,2.9,0.8,3.9,0.106,0.125,0.111,0.6970000000000001,0.093,2022-23
5589,12745,Mac McClung,PHI,24,187.96,83.91452,Texas Tech,USA,Undrafted,Undrafted,Undrafted,2,12.5,5.0,4.5,19.6,0.073,0.152,0.243,0.563,0.29,2022-23
5590,12746,Malachi Flynn,TOR,25,185.42,79.3786,San Diego State,USA,2020,1,29,53,4.6,1.4,1.3,-3.5,0.019,0.097,0.168,0.479,0.145,2022-23
5591,12747,Malaki Branham,SAS,20,193.04,81.64656,Ohio State,USA,2022,1,20,66,10.2,2.7,1.9,-11.1,0.017,0.098,0.188,0.524,0.1119999999999999,2022-23
5592,12748,Louis King,PHI,24,200.66,92.98636,Oregon,USA,Undrafted,Undrafted,Undrafted,1,20.0,4.0,2.0,5.2,0.067,0.074,0.205,0.7440000000000001,0.091,2022-23
5593,12749,Juancho Hernangomez,TOR,27,205.74,97.068688,,Spain,2016,1,15,42,2.9,2.9,0.6,0.5,0.042,0.1689999999999999,0.092,0.504,0.051,2022-23
5594,12750,Juan Toscano-Anderson,UTA,30,198.12,94.800728,Marquette,USA,Undrafted,Undrafted,Undrafted,52,3.0,2.4,1.3,-9.9,0.037,0.128,0.109,0.505,0.122,2022-23
5595,12751,Jrue Holiday,MIL,33,195.58,92.98636,UCLA,USA,2009,1,17,67,19.3,5.1,7.4,9.2,0.035,0.107,0.244,0.586,0.321,2022-23
5596,12752,Jalen McDaniels,PHI,25,205.74,92.98636,San Diego State,USA,2019,2,52,80,9.4,4.3,1.6,-3.4,0.031,0.145,0.165,0.557,0.094,2022-23
5597,12753,Jalen Smith,IND,23,205.74,97.52228,Maryland,USA,2020,1,10,68,9.4,5.8,1.0,-3.8,0.093,0.201,0.201,0.565,0.076,2022-23
5598,12754,Jalen Suggs,ORL,22,195.58,92.98636,Gonzaga,USA,2021,1,5,53,9.9,3.0,2.9,-1.3,0.044,0.083,0.196,0.528,0.179,2022-23
5599,12755,Jalen Williams,OKC,22,195.58,95.707912,Santa Clara,USA,2022,1,12,75,14.1,4.5,3.3,-1.0,0.035,0.109,0.18,0.601,0.152,2022-23
5600,12756,Jamal Cain,MIA,24,198.12,86.636072,Oakland,USA,Undrafted,Undrafted,Undrafted,18,5.4,2.9,0.7,5.5,0.064,0.142,0.139,0.647,0.076,2022-23
5601,12757,Jamal Murray,DEN,26,193.04,97.52228,Kentucky,Canada,2016,1,7,65,20.0,4.0,6.2,6.4,0.024,0.099,0.256,0.5710000000000001,0.265,2022-23
5602,12758,Jamaree Bouyea,WAS,24,187.96,81.64656,San Francisco,USA,Undrafted,Undrafted,Undrafted,5,3.0,1.2,0.8,-13.2,0.016,0.086,0.12,0.504,0.091,2022-23
5603,12759,James Bouknight,CHA,22,193.04,86.18248,Connecticut,USA,2021,1,11,34,5.6,2.1,1.2,-8.3,0.015,0.1159999999999999,0.192,0.4629999999999999,0.1169999999999999,2022-23
5604,12760,James Harden,PHI,33,195.58,99.79024,Arizona State,USA,2009,1,3,58,21.0,6.1,10.7,6.1,0.021,0.151,0.247,0.607,0.439,2022-23
5605,12761,James Johnson,IND,36,200.66,108.86208,Wake Forest,USA,2009,1,16,18,2.8,1.7,0.8,-1.1,0.022,0.173,0.152,0.486,0.135,2022-23
5606,12762,James Wiseman,DET,22,213.36,108.86208,Memphis,USA,2020,1,2,45,10.0,5.9,0.7,-17.2,0.084,0.231,0.212,0.589,0.057,2022-23
5607,12763,Jared Butler,OKC,22,190.5,87.543256,Baylor,USA,2021,2,40,6,6.2,0.7,1.3,2.6,0.013,0.034,0.208,0.578,0.16,2022-23
5608,12764,Jared Rhoden,DET,23,198.12,95.25432,Seton Hall,USA,Undrafted,Undrafted,Undrafted,14,3.2,2.6,0.3,4.3,0.055,0.135,0.106,0.482,0.0279999999999999,2022-23
5609,12765,Jaren Jackson Jr.,MEM,23,208.28,109.769264,Michigan State,USA,2018,1,4,63,18.6,6.8,1.0,9.8,0.0579999999999999,0.159,0.243,0.613,0.048,2022-23
5610,12766,Jarred Vanderbilt,LAL,24,203.2,97.068688,Kentucky,USA,2018,2,41,78,7.9,7.5,2.4,-1.5,0.09,0.216,0.136,0.604,0.134,2022-23
5611,12767,Jarrell Brantley,UTA,27,195.58,113.398,College of Charleston,USA,2019,2,50,4,5.5,1.5,0.8,16.2,0.02,0.093,0.172,0.7390000000000001,0.125,2022-23
5612,12768,Jarrett Allen,CLE,25,205.74,110.222856,Texas,USA,2017,1,22,68,14.3,9.8,1.7,7.7,0.107,0.21,0.162,0.67,0.073,2022-23
5613,12769,Jarrett Culver,ATL,24,198.12,88.45044,Texas Tech,USA,2019,1,6,10,4.4,3.8,0.6,-5.7,0.065,0.2189999999999999,0.1639999999999999,0.452,0.055,2022-23
5614,12770,Jason Preston,LAC,23,190.5,82.10015200000001,Ohio,USA,2021,2,33,14,2.9,1.6,1.9,-1.6,0.0139999999999999,0.175,0.166,0.489,0.307,2022-23
5615,12771,Jalen Johnson,ATL,21,203.2,99.336648,Duke,USA,2021,1,20,70,5.6,4.0,1.2,0.3,0.047,0.214,0.156,0.5539999999999999,0.106,2022-23
5616,12772,Jalen Green,HOU,21,193.04,84.368112,,USA,2021,1,2,76,22.1,3.7,3.7,-8.7,0.016,0.093,0.2739999999999999,0.5379999999999999,0.1689999999999999,2022-23
5617,12773,Jalen Duren,DET,19,210.82,113.398,Memphis,USA,2022,1,13,67,9.1,8.9,1.1,-8.3,0.13,0.221,0.139,0.655,0.069,2022-23
5618,12774,Jalen Brunson,NYK,26,187.96,86.18248,Villanova,USA,2018,2,33,68,24.0,3.5,6.2,2.1,0.016,0.085,0.266,0.597,0.28,2022-23
5619,12775,Isaiah Todd,WAS,21,205.74,99.336648,,USA,2021,2,31,6,1.5,2.0,0.7,-6.7,0.027,0.152,0.143,0.226,0.087,2022-23
5620,12776,Ish Smith,DEN,34,182.88,79.3786,Wake Forest,USA,Undrafted,Undrafted,Undrafted,43,2.5,1.3,2.3,-5.3,0.0139999999999999,0.1159999999999999,0.187,0.407,0.352,2022-23
5621,12777,Ish Wainright,PHX,28,195.58,113.398,Baylor,USA,Undrafted,Undrafted,Undrafted,60,4.2,2.3,0.9,6.1,0.045,0.097,0.1169999999999999,0.522,0.075,2022-23
5622,12778,Ivica Zubac,LAC,26,213.36,108.86208,,Croatia,2016,2,32,76,10.8,9.9,1.0,-0.6,0.114,0.238,0.149,0.6609999999999999,0.05,2022-23
5623,12779,JD Davison,BOS,20,185.42,88.45044,Alabama,USA,2022,2,53,12,1.6,0.8,0.9,-5.8,0.033,0.093,0.157,0.478,0.2339999999999999,2022-23
5624,12780,JT Thor,CHA,20,205.74,92.079176,Auburn,USA,2021,2,37,69,3.8,2.2,0.5,-7.5,0.035,0.115,0.13,0.506,0.054,2022-23
5625,12781,Ja Morant,MEM,23,187.96,78.92500799999999,Murray State,USA,2019,1,2,61,26.2,5.9,8.1,7.3,0.0289999999999999,0.139,0.3379999999999999,0.557,0.412,2022-23
5626,12782,JaVale McGee,DAL,35,213.36,122.46984,Nevada,USA,2008,1,18,42,4.4,2.5,0.3,-7.3,0.086,0.1989999999999999,0.214,0.65,0.051,2022-23
5627,12783,Jabari Smith Jr.,HOU,20,210.82,99.79024,Auburn,USA,2022,1,3,79,12.8,7.2,1.3,-11.3,0.047,0.18,0.183,0.514,0.059,2022-23
5628,12784,Javonte Green,CHI,29,195.58,92.98636,Radford,USA,Undrafted,Undrafted,Undrafted,32,5.2,2.8,0.7,5.9,0.057,0.119,0.128,0.6459999999999999,0.062,2022-23
5629,12785,Jabari Walker,POR,20,200.66,90.7184,Colorado,USA,2022,2,57,56,3.9,2.3,0.6,-9.0,0.074,0.135,0.1639999999999999,0.496,0.08,2022-23
5630,12786,Jacob Gilyard,MEM,24,175.26,72.57472,Richmond,USA,Undrafted,Undrafted,Undrafted,1,3.0,4.0,7.0,-14.9,0.0,0.095,0.052,0.5,0.212,2022-23
5631,12787,Jaden Hardy,DAL,20,190.5,89.811216,,USA,2022,2,37,48,8.8,1.9,1.4,-3.1,0.015,0.106,0.248,0.5710000000000001,0.147,2022-23
5632,12788,Jaden Ivey,DET,21,193.04,88.45044,Purdue,USA,2022,1,5,74,16.3,3.9,5.2,-13.0,0.03,0.094,0.251,0.528,0.2689999999999999,2022-23
5633,12789,Jaden McDaniels,MIN,22,205.74,83.91452,Washington,USA,2020,1,28,79,12.1,3.9,1.9,2.0,0.039,0.086,0.156,0.611,0.082,2022-23
5634,12790,Jaden Springer,PHI,20,193.04,91.625584,Tennessee,USA,2021,1,28,16,2.6,0.9,0.5,-2.1,0.063,0.091,0.188,0.545,0.129,2022-23
5635,12791,Jae Crowder,MIL,32,198.12,106.59412,Marquette,USA,2012,2,34,18,6.9,3.8,1.5,-0.8,0.046,0.134,0.125,0.624,0.102,2022-23
5636,12792,Jae'Sean Tate,HOU,27,195.58,104.32616,Ohio State,USA,Undrafted,Undrafted,Undrafted,31,9.1,3.8,2.7,-7.3,0.054,0.114,0.178,0.546,0.184,2022-23
5637,12793,Jake LaRavia,MEM,21,200.66,106.59412,Wake Forest,USA,2022,1,19,35,3.0,1.8,0.6,-7.6,0.044,0.1,0.1169999999999999,0.531,0.068,2022-23
5638,12794,Jakob Poeltl,TOR,27,215.9,111.13004,Utah,Austria,2016,1,9,72,12.5,9.1,2.7,-3.1,0.1169999999999999,0.24,0.18,0.635,0.146,2022-23
5639,12795,Jack White,DEN,25,200.66,102.0582,Duke,Australia,Undrafted,Undrafted,Undrafted,17,1.2,1.0,0.2,-14.1,0.086,0.177,0.133,0.517,0.093,2022-23
5640,12796,Isaiah Roby,NYK,25,203.2,104.32616,Nebraska,USA,2019,2,45,42,4.1,2.6,0.9,-10.4,0.04,0.188,0.173,0.497,0.114,2022-23
5641,12797,Jaxson Hayes,NOP,23,213.36,99.79024,Texas,USA,2019,1,8,47,5.0,2.8,0.7,-5.4,0.0579999999999999,0.153,0.149,0.605,0.088,2022-23
5642,12798,Jay Scrubb,ORL,22,195.58,99.79024,John A. Logan,USA,2020,2,55,2,6.5,3.0,0.5,-28.5,0.0,0.3,0.151,0.825,0.0559999999999999,2022-23
5643,12799,Jonas Valanciunas,NOP,31,210.82,120.20188,,Lithuania,2011,1,5,79,14.1,10.2,1.8,-0.7,0.115,0.293,0.2289999999999999,0.61,0.108,2022-23
5644,12800,Jonathan Isaac,ORL,25,208.28,104.32616,Florida State,USA,2017,1,6,11,5.0,4.0,0.5,-5.8,0.099,0.25,0.198,0.483,0.085,2022-23
5645,12801,Jonathan Kuminga,GSW,20,200.66,102.0582,,DRC,2021,1,7,67,9.9,3.4,1.9,-1.4,0.052,0.113,0.195,0.597,0.132,2022-23
5646,12802,Jordan Clarkson,UTA,31,195.58,87.996848,Missouri,USA,2014,2,46,61,20.8,4.0,4.4,0.8,0.036,0.083,0.273,0.5579999999999999,0.209,2022-23
5647,12803,Jordan Goodwin,WAS,24,190.5,90.7184,St. Louis,USA,Undrafted,Undrafted,Undrafted,62,6.6,3.3,2.7,-4.5,0.05,0.131,0.165,0.531,0.22,2022-23
5648,12804,Jordan Hall,SAS,21,200.66,97.52228,St. Joseph's (PA),USA,Undrafted,Undrafted,Undrafted,9,3.1,1.3,1.2,-13.1,0.033,0.129,0.1969999999999999,0.4379999999999999,0.22,2022-23
5649,12805,Jordan McLaughlin,MIN,27,182.88,83.91452,Southern California,USA,Undrafted,Undrafted,Undrafted,43,3.7,1.4,3.4,5.8,0.022,0.065,0.1119999999999999,0.526,0.264,2022-23
5650,12806,Jordan Nwora,IND,24,205.74,102.0582,Louisville,USA,2020,2,45,62,8.7,3.7,1.4,-10.2,0.0409999999999999,0.147,0.187,0.561,0.107,2022-23
5651,12807,Jordan Poole,GSW,24,193.04,87.996848,Michigan,USA,2019,1,28,82,20.4,2.7,4.5,-0.8,0.013,0.073,0.282,0.573,0.2339999999999999,2022-23
5652,12808,Jordan Schakel,WAS,25,198.12,90.7184,San Diego State,USA,Undrafted,Undrafted,Undrafted,2,1.5,0.0,0.5,50.0,0.0,0.0,0.154,0.75,0.1669999999999999,2022-23
5653,12809,Jose Alvarado,NOP,25,182.88,81.19296800000001,Georgia Tech,USA,Undrafted,Undrafted,Undrafted,61,9.0,2.3,3.0,3.7,0.022,0.087,0.191,0.525,0.1989999999999999,2022-23
5654,12810,Josh Christopher,HOU,21,193.04,97.52228,Arizona State,USA,2021,1,24,64,5.8,1.1,1.1,-13.9,0.024,0.068,0.215,0.523,0.149,2022-23
5655,12811,Josh Giddey,OKC,20,203.2,97.975872,,Australia,2021,1,6,76,16.6,7.9,6.2,-2.2,0.0579999999999999,0.1889999999999999,0.239,0.5329999999999999,0.293,2022-23
5656,12812,Josh Green,DAL,22,200.66,90.7184,Arizona,Australia,2020,1,18,60,9.1,3.0,1.7,2.5,0.037,0.087,0.14,0.645,0.096,2022-23
5657,12813,Josh Hart,NYK,28,193.04,97.52228,Villanova,USA,2017,1,30,76,9.8,7.8,3.8,5.9,0.06,0.185,0.124,0.622,0.154,2022-23
5658,12814,Josh Minott,MIN,20,203.2,92.98636,Memphis,USA,2022,2,45,15,3.1,1.7,0.3,10.4,0.054,0.1939999999999999,0.176,0.5820000000000001,0.065,2022-23
5659,12815,Josh Okogie,PHX,24,193.04,96.615096,Georgia Tech,Nigeria,2018,1,20,72,7.3,3.5,1.5,4.9,0.078,0.102,0.174,0.531,0.104,2022-23
5660,12816,Josh Richardson,NOP,29,198.12,90.7184,Tennessee,USA,2015,2,40,65,10.1,2.7,2.7,-5.2,0.026,0.087,0.18,0.555,0.16,2022-23
5661,12817,Joshua Primo,SAS,20,198.12,85.728888,Alabama,Canada,2021,1,12,4,7.0,3.3,4.5,1.7,0.019,0.113,0.173,0.467,0.237,2022-23
5662,12818,Johnny Juzang,UTA,22,198.12,94.800728,UCLA,USA,Undrafted,Undrafted,Undrafted,18,4.8,2.2,0.4,-17.7,0.0289999999999999,0.122,0.187,0.411,0.051,2022-23
5663,12819,Johnny Davis,WAS,21,193.04,88.45044,Wisconsin,USA,2022,1,10,28,5.8,2.3,1.0,-6.2,0.02,0.125,0.192,0.446,0.1,2022-23
5664,12820,John Wall,LAC,32,190.5,95.25432,Kentucky,USA,2010,1,1,34,11.4,2.7,5.2,-6.6,0.018,0.096,0.259,0.497,0.38,2022-23
5665,12821,John Konchar,MEM,27,195.58,95.25432,Indiana-Purdue Fort Wayne,USA,Undrafted,Undrafted,Undrafted,72,5.1,4.3,1.4,7.0,0.04,0.152,0.1,0.542,0.082,2022-23
5666,12822,Jaylen Brown,BOS,26,198.12,101.151016,California,USA,2016,1,3,67,26.6,6.9,3.5,5.4,0.032,0.152,0.307,0.581,0.163,2022-23
5667,12823,Jaylen Nowell,MIN,23,193.04,91.171992,Washington,USA,2019,2,43,65,10.8,2.6,2.0,0.0,0.0279999999999999,0.107,0.238,0.527,0.156,2022-23
5668,12824,Jaylin Williams,OKC,21,205.74,108.86208,Arkansas,USA,2022,2,34,49,5.9,4.9,1.6,-4.6,0.045,0.23,0.133,0.5589999999999999,0.109,2022-23
5669,12825,Jayson Tatum,BOS,25,203.2,95.25432,Duke,USA,2017,1,3,74,30.1,8.8,4.6,8.5,0.0289999999999999,0.2,0.319,0.607,0.205,2022-23
5670,12826,Jeenathan Williams,POR,24,195.58,92.98636,Buffalo,USA,Undrafted,Undrafted,Undrafted,5,10.6,3.0,2.0,-11.0,0.07,0.039,0.139,0.657,0.1,2022-23
5671,12827,Jeff Dowtin Jr.,TOR,26,190.5,80.28578399999998,Rhode Island,USA,Undrafted,Undrafted,Undrafted,25,2.4,0.9,1.2,-0.6,0.022,0.069,0.106,0.5,0.154,2022-23
5672,12828,Jeff Green,DEN,36,203.2,106.59412,Georgetown,USA,2007,1,5,56,7.8,2.6,1.2,-8.0,0.035,0.096,0.1669999999999999,0.5760000000000001,0.095,2022-23
5673,12829,Jerami Grant,POR,29,203.2,95.25432,Syracuse,USA,2014,2,39,63,20.5,4.5,2.4,-1.2,0.025,0.104,0.2269999999999999,0.606,0.103,2022-23
5674,12830,Jeremiah Robinson-Earl,OKC,22,203.2,108.86208,Villanova,USA,2021,2,32,43,6.8,4.2,1.0,-0.9,0.082,0.129,0.143,0.5479999999999999,0.069,2022-23
5675,12831,Jay Huff,WAS,25,215.9,108.86208,Virginia,USA,Undrafted,Undrafted,Undrafted,7,7.3,3.0,1.4,-1.1,0.06,0.153,0.155,0.7959999999999999,0.135,2022-23
5676,12832,Jeremy Sochan,SAS,20,203.2,104.32616,Baylor,Poland,2022,1,9,56,11.0,5.3,2.5,-7.0,0.06,0.14,0.195,0.509,0.132,2022-23
5677,12833,Jevon Carter,MIL,27,185.42,90.7184,West Virginia,USA,2018,2,32,81,8.0,2.5,2.4,1.9,0.018,0.084,0.149,0.56,0.15,2022-23
5678,12834,Jimmy Butler,MIA,33,200.66,104.32616,Marquette,USA,2011,1,30,64,22.9,5.9,5.3,1.2,0.068,0.121,0.248,0.647,0.264,2022-23
5679,12835,Jock Landale,PHX,27,210.82,115.66596,St. Mary's,Australia,Undrafted,Undrafted,Undrafted,69,6.6,4.1,1.0,7.9,0.114,0.1639999999999999,0.182,0.595,0.1009999999999999,2022-23
5680,12836,Joe Harris,BKN,31,198.12,99.79024,Virginia,USA,2014,2,33,74,7.6,2.2,1.4,-1.0,0.016,0.089,0.141,0.621,0.091,2022-23
5681,12837,Joe Ingles,MIL,35,205.74,99.79024,,Australia,Undrafted,Undrafted,Undrafted,46,6.9,2.8,3.3,2.5,0.012,0.102,0.122,0.616,0.181,2022-23
5682,12838,Joe Wieskamp,TOR,23,198.12,92.98636,Iowa,USA,2021,2,41,9,1.0,0.4,0.3,1.0,0.0,0.068,0.115,0.321,0.083,2022-23
5683,12839,Joel Embiid,PHI,29,213.36,127.00576,Kansas,Cameroon,2014,1,3,66,33.1,10.2,4.2,8.8,0.057,0.243,0.37,0.655,0.233,2022-23
5684,12840,John Butler Jr.,POR,20,213.36,86.18248,Florida State,USA,Undrafted,Undrafted,Undrafted,19,2.4,0.9,0.6,-16.1,0.012,0.065,0.102,0.411,0.066,2022-23
5685,12841,John Collins,ATL,25,205.74,102.511792,Wake Forest,USA,2017,1,19,71,13.1,6.5,1.2,-0.2,0.035,0.18,0.168,0.593,0.052,2022-23
5686,12842,Jericho Sims,NYK,24,208.28,113.398,Texas,USA,2021,2,58,52,3.4,4.7,0.5,-6.7,0.1169999999999999,0.175,0.074,0.78,0.044,2022-23
5687,12843,JaMychal Green,GSW,33,205.74,102.965384,Alabama,USA,Undrafted,Undrafted,Undrafted,57,6.4,3.6,0.9,-8.2,0.087,0.1639999999999999,0.1689999999999999,0.65,0.094,2022-23
